Filenames,chihuahua,shihtzu,beagle,basset,lakeland,bostonbull,tibetan,labrador,german,siberian
dog (1).jpg,1,0,0,0,0,0,0,0,0,0
dog (2).jpg,1,0,0,0,0,0,0,0,0,0
dog (3).jpg,1,0,0,0,0,0,0,0,0,0
dog (4).jpg,1,0,0,0,0,0,0,0,0,0
dog (5).jpg,1,0,0,0,0,0,0,0,0,0
dog (6).jpg,1,0,0,0,0,0,0,0,0,0
dog (7).jpg,1,0,0,0,0,0,0,0,0,0
dog (8).jpg,1,0,0,0,0,0,0,0,0,0
dog (9).jpg,1,0,0,0,0,0,0,0,0,0
dog (10).jpg,1,0,0,0,0,0,0,0,0,0
dog (11).jpg,1,0,0,0,0,0,0,0,0,0
dog (12).jpg,1,0,0,0,0,0,0,0,0,0
dog (13).jpg,1,0,0,0,0,0,0,0,0,0
dog (14).jpg,1,0,0,0,0,0,0,0,0,0
dog (15).jpg,1,0,0,0,0,0,0,0,0,0
dog (16).jpg,1,0,0,0,0,0,0,0,0,0
dog (17).jpg,1,0,0,0,0,0,0,0,0,0
dog (18).jpg,1,0,0,0,0,0,0,0,0,0
dog (19).jpg,1,0,0,0,0,0,0,0,0,0
dog (20).jpg,1,0,0,0,0,0,0,0,0,0
dog (21).jpg,1,0,0,0,0,0,0,0,0,0
dog (22).jpg,1,0,0,0,0,0,0,0,0,0
dog (23).jpg,1,0,0,0,0,0,0,0,0,0
dog (24).jpg,1,0,0,0,0,0,0,0,0,0
dog (25).jpg,1,0,0,0,0,0,0,0,0,0
dog (26).jpg,1,0,0,0,0,0,0,0,0,0
dog (27).jpg,1,0,0,0,0,0,0,0,0,0
dog (28).jpg,1,0,0,0,0,0,0,0,0,0
dog (29).jpg,1,0,0,0,0,0,0,0,0,0
dog (30).jpg,1,0,0,0,0,0,0,0,0,0
dog (31).jpg,1,0,0,0,0,0,0,0,0,0
dog (32).jpg,1,0,0,0,0,0,0,0,0,0
dog (33).jpg,1,0,0,0,0,0,0,0,0,0
dog (34).jpg,1,0,0,0,0,0,0,0,0,0
dog (35).jpg,1,0,0,0,0,0,0,0,0,0
dog (36).jpg,1,0,0,0,0,0,0,0,0,0
dog (37).jpg,1,0,0,0,0,0,0,0,0,0
dog (38).jpg,1,0,0,0,0,0,0,0,0,0
dog (39).jpg,1,0,0,0,0,0,0,0,0,0
dog (40).jpg,1,0,0,0,0,0,0,0,0,0
dog (41).jpg,1,0,0,0,0,0,0,0,0,0
dog (42).jpg,1,0,0,0,0,0,0,0,0,0
dog (43).jpg,1,0,0,0,0,0,0,0,0,0
dog (44).jpg,1,0,0,0,0,0,0,0,0,0
dog (45).jpg,1,0,0,0,0,0,0,0,0,0
dog (46).jpg,1,0,0,0,0,0,0,0,0,0
dog (47).jpg,1,0,0,0,0,0,0,0,0,0
dog (48).jpg,1,0,0,0,0,0,0,0,0,0
dog (49).jpg,1,0,0,0,0,0,0,0,0,0
dog (50).jpg,1,0,0,0,0,0,0,0,0,0
dog (51).jpg,1,0,0,0,0,0,0,0,0,0
dog (52).jpg,1,0,0,0,0,0,0,0,0,0
dog (53).jpg,1,0,0,0,0,0,0,0,0,0
dog (54).jpg,1,0,0,0,0,0,0,0,0,0
dog (55).jpg,1,0,0,0,0,0,0,0,0,0
dog (56).jpg,1,0,0,0,0,0,0,0,0,0
dog (57).jpg,1,0,0,0,0,0,0,0,0,0
dog (58).jpg,1,0,0,0,0,0,0,0,0,0
dog (59).jpg,1,0,0,0,0,0,0,0,0,0
dog (60).jpg,1,0,0,0,0,0,0,0,0,0
dog (61).jpg,1,0,0,0,0,0,0,0,0,0
dog (62).jpg,1,0,0,0,0,0,0,0,0,0
dog (63).jpg,1,0,0,0,0,0,0,0,0,0
dog (64).jpg,1,0,0,0,0,0,0,0,0,0
dog (65).jpg,1,0,0,0,0,0,0,0,0,0
dog (66).jpg,1,0,0,0,0,0,0,0,0,0
dog (67).jpg,1,0,0,0,0,0,0,0,0,0
dog (68).jpg,1,0,0,0,0,0,0,0,0,0
dog (69).jpg,1,0,0,0,0,0,0,0,0,0
dog (70).jpg,1,0,0,0,0,0,0,0,0,0
dog (71).jpg,1,0,0,0,0,0,0,0,0,0
dog (72).jpg,1,0,0,0,0,0,0,0,0,0
dog (73).jpg,1,0,0,0,0,0,0,0,0,0
dog (74).jpg,1,0,0,0,0,0,0,0,0,0
dog (75).jpg,1,0,0,0,0,0,0,0,0,0
dog (76).jpg,1,0,0,0,0,0,0,0,0,0
dog (77).jpg,1,0,0,0,0,0,0,0,0,0
dog (78).jpg,1,0,0,0,0,0,0,0,0,0
dog (79).jpg,1,0,0,0,0,0,0,0,0,0
dog (80).jpg,1,0,0,0,0,0,0,0,0,0
dog (81).jpg,1,0,0,0,0,0,0,0,0,0
dog (82).jpg,1,0,0,0,0,0,0,0,0,0
dog (83).jpg,1,0,0,0,0,0,0,0,0,0
dog (84).jpg,1,0,0,0,0,0,0,0,0,0
dog (85).jpg,1,0,0,0,0,0,0,0,0,0
dog (86).jpg,1,0,0,0,0,0,0,0,0,0
dog (87).jpg,1,0,0,0,0,0,0,0,0,0
dog (88).jpg,1,0,0,0,0,0,0,0,0,0
dog (89).jpg,1,0,0,0,0,0,0,0,0,0
dog (90).jpg,1,0,0,0,0,0,0,0,0,0
dog (91).jpg,1,0,0,0,0,0,0,0,0,0
dog (92).jpg,1,0,0,0,0,0,0,0,0,0
dog (93).jpg,1,0,0,0,0,0,0,0,0,0
dog (94).jpg,1,0,0,0,0,0,0,0,0,0
dog (95).jpg,1,0,0,0,0,0,0,0,0,0
dog (96).jpg,1,0,0,0,0,0,0,0,0,0
dog (97).jpg,1,0,0,0,0,0,0,0,0,0
dog (98).jpg,1,0,0,0,0,0,0,0,0,0
dog (99).jpg,1,0,0,0,0,0,0,0,0,0
dog (100).jpg,1,0,0,0,0,0,0,0,0,0
dog (101).jpg,1,0,0,0,0,0,0,0,0,0
dog (102).jpg,1,0,0,0,0,0,0,0,0,0
dog (103).jpg,1,0,0,0,0,0,0,0,0,0
dog (104).jpg,1,0,0,0,0,0,0,0,0,0
dog (105).jpg,1,0,0,0,0,0,0,0,0,0
dog (106).jpg,1,0,0,0,0,0,0,0,0,0
dog (107).jpg,1,0,0,0,0,0,0,0,0,0
dog (108).jpg,1,0,0,0,0,0,0,0,0,0
dog (109).jpg,1,0,0,0,0,0,0,0,0,0
dog (110).jpg,1,0,0,0,0,0,0,0,0,0
dog (111).jpg,1,0,0,0,0,0,0,0,0,0
dog (112).jpg,1,0,0,0,0,0,0,0,0,0
dog (113).jpg,1,0,0,0,0,0,0,0,0,0
dog (114).jpg,1,0,0,0,0,0,0,0,0,0
dog (115).jpg,1,0,0,0,0,0,0,0,0,0
dog (116).jpg,1,0,0,0,0,0,0,0,0,0
dog (117).jpg,1,0,0,0,0,0,0,0,0,0
dog (118).jpg,1,0,0,0,0,0,0,0,0,0
dog (119).jpg,1,0,0,0,0,0,0,0,0,0
dog (120).jpg,1,0,0,0,0,0,0,0,0,0
dog (121).jpg,1,0,0,0,0,0,0,0,0,0
dog (122).jpg,1,0,0,0,0,0,0,0,0,0
dog (123).jpg,1,0,0,0,0,0,0,0,0,0
dog (124).jpg,1,0,0,0,0,0,0,0,0,0
dog (125).jpg,1,0,0,0,0,0,0,0,0,0
dog (126).jpg,1,0,0,0,0,0,0,0,0,0
dog (127).jpg,1,0,0,0,0,0,0,0,0,0
dog (128).jpg,1,0,0,0,0,0,0,0,0,0
dog (129).jpg,1,0,0,0,0,0,0,0,0,0
dog (130).jpg,1,0,0,0,0,0,0,0,0,0
dog (131).jpg,1,0,0,0,0,0,0,0,0,0
dog (132).jpg,1,0,0,0,0,0,0,0,0,0
dog (133).jpg,1,0,0,0,0,0,0,0,0,0
dog (134).jpg,1,0,0,0,0,0,0,0,0,0
dog (135).jpg,1,0,0,0,0,0,0,0,0,0
dog (136).jpg,1,0,0,0,0,0,0,0,0,0
dog (137).jpg,1,0,0,0,0,0,0,0,0,0
dog (138).jpg,1,0,0,0,0,0,0,0,0,0
dog (139).jpg,1,0,0,0,0,0,0,0,0,0
dog (140).jpg,1,0,0,0,0,0,0,0,0,0
dog (141).jpg,1,0,0,0,0,0,0,0,0,0
dog (142).jpg,1,0,0,0,0,0,0,0,0,0
dog (143).jpg,1,0,0,0,0,0,0,0,0,0
dog (144).jpg,1,0,0,0,0,0,0,0,0,0
dog (145).jpg,1,0,0,0,0,0,0,0,0,0
dog (146).jpg,1,0,0,0,0,0,0,0,0,0
dog (147).jpg,1,0,0,0,0,0,0,0,0,0
dog (148).jpg,1,0,0,0,0,0,0,0,0,0
dog (149).jpg,1,0,0,0,0,0,0,0,0,0
dog (150).jpg,1,0,0,0,0,0,0,0,0,0
dog (151).jpg,1,0,0,0,0,0,0,0,0,0
dog (152).jpg,1,0,0,0,0,0,0,0,0,0
dog (153).jpg,0,1,0,0,0,0,0,0,0,0
dog (154).jpg,0,1,0,0,0,0,0,0,0,0
dog (155).jpg,0,1,0,0,0,0,0,0,0,0
dog (156).jpg,0,1,0,0,0,0,0,0,0,0
dog (157).jpg,0,1,0,0,0,0,0,0,0,0
dog (158).jpg,0,1,0,0,0,0,0,0,0,0
dog (159).jpg,0,1,0,0,0,0,0,0,0,0
dog (160).jpg,0,1,0,0,0,0,0,0,0,0
dog (161).jpg,0,1,0,0,0,0,0,0,0,0
dog (162).jpg,0,1,0,0,0,0,0,0,0,0
dog (163).jpg,0,1,0,0,0,0,0,0,0,0
dog (164).jpg,0,1,0,0,0,0,0,0,0,0
dog (165).jpg,0,1,0,0,0,0,0,0,0,0
dog (166).jpg,0,1,0,0,0,0,0,0,0,0
dog (167).jpg,0,1,0,0,0,0,0,0,0,0
dog (168).jpg,0,1,0,0,0,0,0,0,0,0
dog (169).jpg,0,1,0,0,0,0,0,0,0,0
dog (170).jpg,0,1,0,0,0,0,0,0,0,0
dog (171).jpg,0,1,0,0,0,0,0,0,0,0
dog (172).jpg,0,1,0,0,0,0,0,0,0,0
dog (173).jpg,0,1,0,0,0,0,0,0,0,0
dog (174).jpg,0,1,0,0,0,0,0,0,0,0
dog (175).jpg,0,1,0,0,0,0,0,0,0,0
dog (176).jpg,0,1,0,0,0,0,0,0,0,0
dog (177).jpg,0,1,0,0,0,0,0,0,0,0
dog (178).jpg,0,1,0,0,0,0,0,0,0,0
dog (179).jpg,0,1,0,0,0,0,0,0,0,0
dog (180).jpg,0,1,0,0,0,0,0,0,0,0
dog (181).jpg,0,1,0,0,0,0,0,0,0,0
dog (182).jpg,0,1,0,0,0,0,0,0,0,0
dog (183).jpg,0,1,0,0,0,0,0,0,0,0
dog (184).jpg,0,1,0,0,0,0,0,0,0,0
dog (185).jpg,0,1,0,0,0,0,0,0,0,0
dog (186).jpg,0,1,0,0,0,0,0,0,0,0
dog (187).jpg,0,1,0,0,0,0,0,0,0,0
dog (188).jpg,0,1,0,0,0,0,0,0,0,0
dog (189).jpg,0,1,0,0,0,0,0,0,0,0
dog (190).jpg,0,1,0,0,0,0,0,0,0,0
dog (191).jpg,0,1,0,0,0,0,0,0,0,0
dog (192).jpg,0,1,0,0,0,0,0,0,0,0
dog (193).jpg,0,1,0,0,0,0,0,0,0,0
dog (194).jpg,0,1,0,0,0,0,0,0,0,0
dog (195).jpg,0,1,0,0,0,0,0,0,0,0
dog (196).jpg,0,1,0,0,0,0,0,0,0,0
dog (197).jpg,0,1,0,0,0,0,0,0,0,0
dog (198).jpg,0,1,0,0,0,0,0,0,0,0
dog (199).jpg,0,1,0,0,0,0,0,0,0,0
dog (200).jpg,0,1,0,0,0,0,0,0,0,0
dog (201).jpg,0,1,0,0,0,0,0,0,0,0
dog (202).jpg,0,1,0,0,0,0,0,0,0,0
dog (203).jpg,0,1,0,0,0,0,0,0,0,0
dog (204).jpg,0,1,0,0,0,0,0,0,0,0
dog (205).jpg,0,1,0,0,0,0,0,0,0,0
dog (206).jpg,0,1,0,0,0,0,0,0,0,0
dog (207).jpg,0,1,0,0,0,0,0,0,0,0
dog (208).jpg,0,1,0,0,0,0,0,0,0,0
dog (209).jpg,0,1,0,0,0,0,0,0,0,0
dog (210).jpg,0,1,0,0,0,0,0,0,0,0
dog (211).jpg,0,1,0,0,0,0,0,0,0,0
dog (212).jpg,0,1,0,0,0,0,0,0,0,0
dog (213).jpg,0,1,0,0,0,0,0,0,0,0
dog (214).jpg,0,1,0,0,0,0,0,0,0,0
dog (215).jpg,0,1,0,0,0,0,0,0,0,0
dog (216).jpg,0,1,0,0,0,0,0,0,0,0
dog (217).jpg,0,1,0,0,0,0,0,0,0,0
dog (218).jpg,0,1,0,0,0,0,0,0,0,0
dog (219).jpg,0,1,0,0,0,0,0,0,0,0
dog (220).jpg,0,1,0,0,0,0,0,0,0,0
dog (221).jpg,0,1,0,0,0,0,0,0,0,0
dog (222).jpg,0,1,0,0,0,0,0,0,0,0
dog (223).jpg,0,1,0,0,0,0,0,0,0,0
dog (224).jpg,0,1,0,0,0,0,0,0,0,0
dog (225).jpg,0,1,0,0,0,0,0,0,0,0
dog (226).jpg,0,1,0,0,0,0,0,0,0,0
dog (227).jpg,0,1,0,0,0,0,0,0,0,0
dog (228).jpg,0,1,0,0,0,0,0,0,0,0
dog (229).jpg,0,1,0,0,0,0,0,0,0,0
dog (230).jpg,0,1,0,0,0,0,0,0,0,0
dog (231).jpg,0,1,0,0,0,0,0,0,0,0
dog (232).jpg,0,1,0,0,0,0,0,0,0,0
dog (233).jpg,0,1,0,0,0,0,0,0,0,0
dog (234).jpg,0,1,0,0,0,0,0,0,0,0
dog (235).jpg,0,1,0,0,0,0,0,0,0,0
dog (236).jpg,0,1,0,0,0,0,0,0,0,0
dog (237).jpg,0,1,0,0,0,0,0,0,0,0
dog (238).jpg,0,1,0,0,0,0,0,0,0,0
dog (239).jpg,0,1,0,0,0,0,0,0,0,0
dog (240).jpg,0,1,0,0,0,0,0,0,0,0
dog (241).jpg,0,1,0,0,0,0,0,0,0,0
dog (242).jpg,0,1,0,0,0,0,0,0,0,0
dog (243).jpg,0,1,0,0,0,0,0,0,0,0
dog (244).jpg,0,1,0,0,0,0,0,0,0,0
dog (245).jpg,0,1,0,0,0,0,0,0,0,0
dog (246).jpg,0,1,0,0,0,0,0,0,0,0
dog (247).jpg,0,1,0,0,0,0,0,0,0,0
dog (248).jpg,0,1,0,0,0,0,0,0,0,0
dog (249).jpg,0,1,0,0,0,0,0,0,0,0
dog (250).jpg,0,1,0,0,0,0,0,0,0,0
dog (251).jpg,0,1,0,0,0,0,0,0,0,0
dog (252).jpg,0,1,0,0,0,0,0,0,0,0
dog (253).jpg,0,1,0,0,0,0,0,0,0,0
dog (254).jpg,0,1,0,0,0,0,0,0,0,0
dog (255).jpg,0,1,0,0,0,0,0,0,0,0
dog (256).jpg,0,1,0,0,0,0,0,0,0,0
dog (257).jpg,0,1,0,0,0,0,0,0,0,0
dog (258).jpg,0,1,0,0,0,0,0,0,0,0
dog (259).jpg,0,1,0,0,0,0,0,0,0,0
dog (260).jpg,0,1,0,0,0,0,0,0,0,0
dog (261).jpg,0,1,0,0,0,0,0,0,0,0
dog (262).jpg,0,1,0,0,0,0,0,0,0,0
dog (263).jpg,0,1,0,0,0,0,0,0,0,0
dog (264).jpg,0,1,0,0,0,0,0,0,0,0
dog (265).jpg,0,1,0,0,0,0,0,0,0,0
dog (266).jpg,0,1,0,0,0,0,0,0,0,0
dog (267).jpg,0,1,0,0,0,0,0,0,0,0
dog (268).jpg,0,1,0,0,0,0,0,0,0,0
dog (269).jpg,0,1,0,0,0,0,0,0,0,0
dog (270).jpg,0,1,0,0,0,0,0,0,0,0
dog (271).jpg,0,1,0,0,0,0,0,0,0,0
dog (272).jpg,0,1,0,0,0,0,0,0,0,0
dog (273).jpg,0,1,0,0,0,0,0,0,0,0
dog (274).jpg,0,1,0,0,0,0,0,0,0,0
dog (275).jpg,0,1,0,0,0,0,0,0,0,0
dog (276).jpg,0,1,0,0,0,0,0,0,0,0
dog (277).jpg,0,1,0,0,0,0,0,0,0,0
dog (278).jpg,0,1,0,0,0,0,0,0,0,0
dog (279).jpg,0,1,0,0,0,0,0,0,0,0
dog (280).jpg,0,1,0,0,0,0,0,0,0,0
dog (281).jpg,0,1,0,0,0,0,0,0,0,0
dog (282).jpg,0,1,0,0,0,0,0,0,0,0
dog (283).jpg,0,1,0,0,0,0,0,0,0,0
dog (284).jpg,0,1,0,0,0,0,0,0,0,0
dog (285).jpg,0,1,0,0,0,0,0,0,0,0
dog (286).jpg,0,1,0,0,0,0,0,0,0,0
dog (287).jpg,0,1,0,0,0,0,0,0,0,0
dog (288).jpg,0,1,0,0,0,0,0,0,0,0
dog (289).jpg,0,1,0,0,0,0,0,0,0,0
dog (290).jpg,0,1,0,0,0,0,0,0,0,0
dog (291).jpg,0,1,0,0,0,0,0,0,0,0
dog (292).jpg,0,1,0,0,0,0,0,0,0,0
dog (293).jpg,0,1,0,0,0,0,0,0,0,0
dog (294).jpg,0,1,0,0,0,0,0,0,0,0
dog (295).jpg,0,1,0,0,0,0,0,0,0,0
dog (296).jpg,0,1,0,0,0,0,0,0,0,0
dog (297).jpg,0,1,0,0,0,0,0,0,0,0
dog (298).jpg,0,1,0,0,0,0,0,0,0,0
dog (299).jpg,0,1,0,0,0,0,0,0,0,0
dog (300).jpg,0,1,0,0,0,0,0,0,0,0
dog (301).jpg,0,1,0,0,0,0,0,0,0,0
dog (302).jpg,0,1,0,0,0,0,0,0,0,0
dog (303).jpg,0,1,0,0,0,0,0,0,0,0
dog (304).jpg,0,1,0,0,0,0,0,0,0,0
dog (305).jpg,0,1,0,0,0,0,0,0,0,0
dog (306).jpg,0,1,0,0,0,0,0,0,0,0
dog (307).jpg,0,1,0,0,0,0,0,0,0,0
dog (308).jpg,0,1,0,0,0,0,0,0,0,0
dog (309).jpg,0,1,0,0,0,0,0,0,0,0
dog (310).jpg,0,1,0,0,0,0,0,0,0,0
dog (311).jpg,0,1,0,0,0,0,0,0,0,0
dog (312).jpg,0,1,0,0,0,0,0,0,0,0
dog (313).jpg,0,1,0,0,0,0,0,0,0,0
dog (314).jpg,0,1,0,0,0,0,0,0,0,0
dog (315).jpg,0,1,0,0,0,0,0,0,0,0
dog (316).jpg,0,1,0,0,0,0,0,0,0,0
dog (317).jpg,0,1,0,0,0,0,0,0,0,0
dog (318).jpg,0,1,0,0,0,0,0,0,0,0
dog (319).jpg,0,1,0,0,0,0,0,0,0,0
dog (320).jpg,0,1,0,0,0,0,0,0,0,0
dog (321).jpg,0,1,0,0,0,0,0,0,0,0
dog (322).jpg,0,1,0,0,0,0,0,0,0,0
dog (323).jpg,0,1,0,0,0,0,0,0,0,0
dog (324).jpg,0,1,0,0,0,0,0,0,0,0
dog (325).jpg,0,1,0,0,0,0,0,0,0,0
dog (326).jpg,0,1,0,0,0,0,0,0,0,0
dog (327).jpg,0,1,0,0,0,0,0,0,0,0
dog (328).jpg,0,1,0,0,0,0,0,0,0,0
dog (329).jpg,0,1,0,0,0,0,0,0,0,0
dog (330).jpg,0,1,0,0,0,0,0,0,0,0
dog (331).jpg,0,1,0,0,0,0,0,0,0,0
dog (332).jpg,0,1,0,0,0,0,0,0,0,0
dog (333).jpg,0,1,0,0,0,0,0,0,0,0
dog (334).jpg,0,1,0,0,0,0,0,0,0,0
dog (335).jpg,0,1,0,0,0,0,0,0,0,0
dog (336).jpg,0,1,0,0,0,0,0,0,0,0
dog (337).jpg,0,1,0,0,0,0,0,0,0,0
dog (338).jpg,0,1,0,0,0,0,0,0,0,0
dog (339).jpg,0,1,0,0,0,0,0,0,0,0
dog (340).jpg,0,1,0,0,0,0,0,0,0,0
dog (341).jpg,0,1,0,0,0,0,0,0,0,0
dog (342).jpg,0,1,0,0,0,0,0,0,0,0
dog (343).jpg,0,1,0,0,0,0,0,0,0,0
dog (344).jpg,0,1,0,0,0,0,0,0,0,0
dog (345).jpg,0,1,0,0,0,0,0,0,0,0
dog (346).jpg,0,1,0,0,0,0,0,0,0,0
dog (347).jpg,0,1,0,0,0,0,0,0,0,0
dog (348).jpg,0,1,0,0,0,0,0,0,0,0
dog (349).jpg,0,1,0,0,0,0,0,0,0,0
dog (350).jpg,0,1,0,0,0,0,0,0,0,0
dog (351).jpg,0,1,0,0,0,0,0,0,0,0
dog (352).jpg,0,1,0,0,0,0,0,0,0,0
dog (353).jpg,0,1,0,0,0,0,0,0,0,0
dog (354).jpg,0,1,0,0,0,0,0,0,0,0
dog (355).jpg,0,1,0,0,0,0,0,0,0,0
dog (356).jpg,0,1,0,0,0,0,0,0,0,0
dog (357).jpg,0,1,0,0,0,0,0,0,0,0
dog (358).jpg,0,1,0,0,0,0,0,0,0,0
dog (359).jpg,0,1,0,0,0,0,0,0,0,0
dog (360).jpg,0,1,0,0,0,0,0,0,0,0
dog (361).jpg,0,1,0,0,0,0,0,0,0,0
dog (362).jpg,0,1,0,0,0,0,0,0,0,0
dog (363).jpg,0,1,0,0,0,0,0,0,0,0
dog (364).jpg,0,1,0,0,0,0,0,0,0,0
dog (365).jpg,0,1,0,0,0,0,0,0,0,0
dog (366).jpg,0,1,0,0,0,0,0,0,0,0
dog (367).jpg,0,0,1,0,0,0,0,0,0,0
dog (368).jpg,0,0,1,0,0,0,0,0,0,0
dog (369).jpg,0,0,1,0,0,0,0,0,0,0
dog (370).jpg,0,0,1,0,0,0,0,0,0,0
dog (371).jpg,0,0,1,0,0,0,0,0,0,0
dog (372).jpg,0,0,1,0,0,0,0,0,0,0
dog (373).jpg,0,0,1,0,0,0,0,0,0,0
dog (374).jpg,0,0,1,0,0,0,0,0,0,0
dog (375).jpg,0,0,1,0,0,0,0,0,0,0
dog (376).jpg,0,0,1,0,0,0,0,0,0,0
dog (377).jpg,0,0,1,0,0,0,0,0,0,0
dog (378).jpg,0,0,1,0,0,0,0,0,0,0
dog (379).jpg,0,0,1,0,0,0,0,0,0,0
dog (380).jpg,0,0,1,0,0,0,0,0,0,0
dog (381).jpg,0,0,1,0,0,0,0,0,0,0
dog (382).jpg,0,0,1,0,0,0,0,0,0,0
dog (383).jpg,0,0,1,0,0,0,0,0,0,0
dog (384).jpg,0,0,1,0,0,0,0,0,0,0
dog (385).jpg,0,0,1,0,0,0,0,0,0,0
dog (386).jpg,0,0,1,0,0,0,0,0,0,0
dog (387).jpg,0,0,1,0,0,0,0,0,0,0
dog (388).jpg,0,0,1,0,0,0,0,0,0,0
dog (389).jpg,0,0,1,0,0,0,0,0,0,0
dog (390).jpg,0,0,1,0,0,0,0,0,0,0
dog (391).jpg,0,0,1,0,0,0,0,0,0,0
dog (392).jpg,0,0,1,0,0,0,0,0,0,0
dog (393).jpg,0,0,1,0,0,0,0,0,0,0
dog (394).jpg,0,0,1,0,0,0,0,0,0,0
dog (395).jpg,0,0,1,0,0,0,0,0,0,0
dog (396).jpg,0,0,1,0,0,0,0,0,0,0
dog (397).jpg,0,0,1,0,0,0,0,0,0,0
dog (398).jpg,0,0,1,0,0,0,0,0,0,0
dog (399).jpg,0,0,1,0,0,0,0,0,0,0
dog (400).jpg,0,0,1,0,0,0,0,0,0,0
dog (401).jpg,0,0,1,0,0,0,0,0,0,0
dog (402).jpg,0,0,1,0,0,0,0,0,0,0
dog (403).jpg,0,0,1,0,0,0,0,0,0,0
dog (404).jpg,0,0,1,0,0,0,0,0,0,0
dog (405).jpg,0,0,1,0,0,0,0,0,0,0
dog (406).jpg,0,0,1,0,0,0,0,0,0,0
dog (407).jpg,0,0,1,0,0,0,0,0,0,0
dog (408).jpg,0,0,1,0,0,0,0,0,0,0
dog (409).jpg,0,0,1,0,0,0,0,0,0,0
dog (410).jpg,0,0,1,0,0,0,0,0,0,0
dog (411).jpg,0,0,1,0,0,0,0,0,0,0
dog (412).jpg,0,0,1,0,0,0,0,0,0,0
dog (413).jpg,0,0,1,0,0,0,0,0,0,0
dog (414).jpg,0,0,1,0,0,0,0,0,0,0
dog (415).jpg,0,0,1,0,0,0,0,0,0,0
dog (416).jpg,0,0,1,0,0,0,0,0,0,0
dog (417).jpg,0,0,1,0,0,0,0,0,0,0
dog (418).jpg,0,0,1,0,0,0,0,0,0,0
dog (419).jpg,0,0,1,0,0,0,0,0,0,0
dog (420).jpg,0,0,1,0,0,0,0,0,0,0
dog (421).jpg,0,0,1,0,0,0,0,0,0,0
dog (422).jpg,0,0,1,0,0,0,0,0,0,0
dog (423).jpg,0,0,1,0,0,0,0,0,0,0
dog (424).jpg,0,0,1,0,0,0,0,0,0,0
dog (425).jpg,0,0,1,0,0,0,0,0,0,0
dog (426).jpg,0,0,1,0,0,0,0,0,0,0
dog (427).jpg,0,0,1,0,0,0,0,0,0,0
dog (428).jpg,0,0,1,0,0,0,0,0,0,0
dog (429).jpg,0,0,1,0,0,0,0,0,0,0
dog (430).jpg,0,0,1,0,0,0,0,0,0,0
dog (431).jpg,0,0,1,0,0,0,0,0,0,0
dog (432).jpg,0,0,1,0,0,0,0,0,0,0
dog (433).jpg,0,0,1,0,0,0,0,0,0,0
dog (434).jpg,0,0,1,0,0,0,0,0,0,0
dog (435).jpg,0,0,1,0,0,0,0,0,0,0
dog (436).jpg,0,0,1,0,0,0,0,0,0,0
dog (437).jpg,0,0,1,0,0,0,0,0,0,0
dog (438).jpg,0,0,1,0,0,0,0,0,0,0
dog (439).jpg,0,0,1,0,0,0,0,0,0,0
dog (440).jpg,0,0,1,0,0,0,0,0,0,0
dog (441).jpg,0,0,1,0,0,0,0,0,0,0
dog (442).jpg,0,0,1,0,0,0,0,0,0,0
dog (443).jpg,0,0,1,0,0,0,0,0,0,0
dog (444).jpg,0,0,1,0,0,0,0,0,0,0
dog (445).jpg,0,0,1,0,0,0,0,0,0,0
dog (446).jpg,0,0,1,0,0,0,0,0,0,0
dog (447).jpg,0,0,1,0,0,0,0,0,0,0
dog (448).jpg,0,0,1,0,0,0,0,0,0,0
dog (449).jpg,0,0,1,0,0,0,0,0,0,0
dog (450).jpg,0,0,1,0,0,0,0,0,0,0
dog (451).jpg,0,0,1,0,0,0,0,0,0,0
dog (452).jpg,0,0,1,0,0,0,0,0,0,0
dog (453).jpg,0,0,1,0,0,0,0,0,0,0
dog (454).jpg,0,0,1,0,0,0,0,0,0,0
dog (455).jpg,0,0,1,0,0,0,0,0,0,0
dog (456).jpg,0,0,1,0,0,0,0,0,0,0
dog (457).jpg,0,0,1,0,0,0,0,0,0,0
dog (458).jpg,0,0,1,0,0,0,0,0,0,0
dog (459).jpg,0,0,1,0,0,0,0,0,0,0
dog (460).jpg,0,0,1,0,0,0,0,0,0,0
dog (461).jpg,0,0,1,0,0,0,0,0,0,0
dog (462).jpg,0,0,1,0,0,0,0,0,0,0
dog (463).jpg,0,0,1,0,0,0,0,0,0,0
dog (464).jpg,0,0,1,0,0,0,0,0,0,0
dog (465).jpg,0,0,1,0,0,0,0,0,0,0
dog (466).jpg,0,0,1,0,0,0,0,0,0,0
dog (467).jpg,0,0,1,0,0,0,0,0,0,0
dog (468).jpg,0,0,1,0,0,0,0,0,0,0
dog (469).jpg,0,0,1,0,0,0,0,0,0,0
dog (470).jpg,0,0,1,0,0,0,0,0,0,0
dog (471).jpg,0,0,1,0,0,0,0,0,0,0
dog (472).jpg,0,0,1,0,0,0,0,0,0,0
dog (473).jpg,0,0,1,0,0,0,0,0,0,0
dog (474).jpg,0,0,1,0,0,0,0,0,0,0
dog (475).jpg,0,0,1,0,0,0,0,0,0,0
dog (476).jpg,0,0,1,0,0,0,0,0,0,0
dog (477).jpg,0,0,1,0,0,0,0,0,0,0
dog (478).jpg,0,0,1,0,0,0,0,0,0,0
dog (479).jpg,0,0,1,0,0,0,0,0,0,0
dog (480).jpg,0,0,1,0,0,0,0,0,0,0
dog (481).jpg,0,0,1,0,0,0,0,0,0,0
dog (482).jpg,0,0,1,0,0,0,0,0,0,0
dog (483).jpg,0,0,1,0,0,0,0,0,0,0
dog (484).jpg,0,0,1,0,0,0,0,0,0,0
dog (485).jpg,0,0,1,0,0,0,0,0,0,0
dog (486).jpg,0,0,1,0,0,0,0,0,0,0
dog (487).jpg,0,0,1,0,0,0,0,0,0,0
dog (488).jpg,0,0,1,0,0,0,0,0,0,0
dog (489).jpg,0,0,1,0,0,0,0,0,0,0
dog (490).jpg,0,0,1,0,0,0,0,0,0,0
dog (491).jpg,0,0,1,0,0,0,0,0,0,0
dog (492).jpg,0,0,1,0,0,0,0,0,0,0
dog (493).jpg,0,0,1,0,0,0,0,0,0,0
dog (494).jpg,0,0,1,0,0,0,0,0,0,0
dog (495).jpg,0,0,1,0,0,0,0,0,0,0
dog (496).jpg,0,0,1,0,0,0,0,0,0,0
dog (497).jpg,0,0,1,0,0,0,0,0,0,0
dog (498).jpg,0,0,1,0,0,0,0,0,0,0
dog (499).jpg,0,0,1,0,0,0,0,0,0,0
dog (500).jpg,0,0,1,0,0,0,0,0,0,0
dog (501).jpg,0,0,1,0,0,0,0,0,0,0
dog (502).jpg,0,0,1,0,0,0,0,0,0,0
dog (503).jpg,0,0,1,0,0,0,0,0,0,0
dog (504).jpg,0,0,1,0,0,0,0,0,0,0
dog (505).jpg,0,0,1,0,0,0,0,0,0,0
dog (506).jpg,0,0,1,0,0,0,0,0,0,0
dog (507).jpg,0,0,1,0,0,0,0,0,0,0
dog (508).jpg,0,0,1,0,0,0,0,0,0,0
dog (509).jpg,0,0,1,0,0,0,0,0,0,0
dog (510).jpg,0,0,1,0,0,0,0,0,0,0
dog (511).jpg,0,0,1,0,0,0,0,0,0,0
dog (512).jpg,0,0,1,0,0,0,0,0,0,0
dog (513).jpg,0,0,1,0,0,0,0,0,0,0
dog (514).jpg,0,0,1,0,0,0,0,0,0,0
dog (515).jpg,0,0,1,0,0,0,0,0,0,0
dog (516).jpg,0,0,1,0,0,0,0,0,0,0
dog (517).jpg,0,0,1,0,0,0,0,0,0,0
dog (518).jpg,0,0,1,0,0,0,0,0,0,0
dog (519).jpg,0,0,1,0,0,0,0,0,0,0
dog (520).jpg,0,0,1,0,0,0,0,0,0,0
dog (521).jpg,0,0,1,0,0,0,0,0,0,0
dog (522).jpg,0,0,1,0,0,0,0,0,0,0
dog (523).jpg,0,0,1,0,0,0,0,0,0,0
dog (524).jpg,0,0,1,0,0,0,0,0,0,0
dog (525).jpg,0,0,1,0,0,0,0,0,0,0
dog (526).jpg,0,0,1,0,0,0,0,0,0,0
dog (527).jpg,0,0,1,0,0,0,0,0,0,0
dog (528).jpg,0,0,1,0,0,0,0,0,0,0
dog (529).jpg,0,0,1,0,0,0,0,0,0,0
dog (530).jpg,0,0,1,0,0,0,0,0,0,0
dog (531).jpg,0,0,1,0,0,0,0,0,0,0
dog (532).jpg,0,0,1,0,0,0,0,0,0,0
dog (533).jpg,0,0,1,0,0,0,0,0,0,0
dog (534).jpg,0,0,1,0,0,0,0,0,0,0
dog (535).jpg,0,0,1,0,0,0,0,0,0,0
dog (536).jpg,0,0,1,0,0,0,0,0,0,0
dog (537).jpg,0,0,1,0,0,0,0,0,0,0
dog (538).jpg,0,0,1,0,0,0,0,0,0,0
dog (539).jpg,0,0,1,0,0,0,0,0,0,0
dog (540).jpg,0,0,1,0,0,0,0,0,0,0
dog (541).jpg,0,0,1,0,0,0,0,0,0,0
dog (542).jpg,0,0,1,0,0,0,0,0,0,0
dog (543).jpg,0,0,1,0,0,0,0,0,0,0
dog (544).jpg,0,0,1,0,0,0,0,0,0,0
dog (545).jpg,0,0,1,0,0,0,0,0,0,0
dog (546).jpg,0,0,1,0,0,0,0,0,0,0
dog (547).jpg,0,0,1,0,0,0,0,0,0,0
dog (548).jpg,0,0,1,0,0,0,0,0,0,0
dog (549).jpg,0,0,1,0,0,0,0,0,0,0
dog (550).jpg,0,0,1,0,0,0,0,0,0,0
dog (551).jpg,0,0,1,0,0,0,0,0,0,0
dog (552).jpg,0,0,1,0,0,0,0,0,0,0
dog (553).jpg,0,0,1,0,0,0,0,0,0,0
dog (554).jpg,0,0,1,0,0,0,0,0,0,0
dog (555).jpg,0,0,1,0,0,0,0,0,0,0
dog (556).jpg,0,0,1,0,0,0,0,0,0,0
dog (557).jpg,0,0,1,0,0,0,0,0,0,0
dog (558).jpg,0,0,1,0,0,0,0,0,0,0
dog (559).jpg,0,0,1,0,0,0,0,0,0,0
dog (560).jpg,0,0,1,0,0,0,0,0,0,0
dog (561).jpg,0,0,1,0,0,0,0,0,0,0
dog (562).jpg,0,0,0,1,0,0,0,0,0,0
dog (563).jpg,0,0,0,1,0,0,0,0,0,0
dog (564).jpg,0,0,0,1,0,0,0,0,0,0
dog (565).jpg,0,0,0,1,0,0,0,0,0,0
dog (566).jpg,0,0,0,1,0,0,0,0,0,0
dog (567).jpg,0,0,0,1,0,0,0,0,0,0
dog (568).jpg,0,0,0,1,0,0,0,0,0,0
dog (569).jpg,0,0,0,1,0,0,0,0,0,0
dog (570).jpg,0,0,0,1,0,0,0,0,0,0
dog (571).jpg,0,0,0,1,0,0,0,0,0,0
dog (572).jpg,0,0,0,1,0,0,0,0,0,0
dog (573).jpg,0,0,0,1,0,0,0,0,0,0
dog (574).jpg,0,0,0,1,0,0,0,0,0,0
dog (575).jpg,0,0,0,1,0,0,0,0,0,0
dog (576).jpg,0,0,0,1,0,0,0,0,0,0
dog (577).jpg,0,0,0,1,0,0,0,0,0,0
dog (578).jpg,0,0,0,1,0,0,0,0,0,0
dog (579).jpg,0,0,0,1,0,0,0,0,0,0
dog (580).jpg,0,0,0,1,0,0,0,0,0,0
dog (581).jpg,0,0,0,1,0,0,0,0,0,0
dog (582).jpg,0,0,0,1,0,0,0,0,0,0
dog (583).jpg,0,0,0,1,0,0,0,0,0,0
dog (584).jpg,0,0,0,1,0,0,0,0,0,0
dog (585).jpg,0,0,0,1,0,0,0,0,0,0
dog (586).jpg,0,0,0,1,0,0,0,0,0,0
dog (587).jpg,0,0,0,1,0,0,0,0,0,0
dog (588).jpg,0,0,0,1,0,0,0,0,0,0
dog (589).jpg,0,0,0,1,0,0,0,0,0,0
dog (590).jpg,0,0,0,1,0,0,0,0,0,0
dog (591).jpg,0,0,0,1,0,0,0,0,0,0
dog (592).jpg,0,0,0,1,0,0,0,0,0,0
dog (593).jpg,0,0,0,1,0,0,0,0,0,0
dog (594).jpg,0,0,0,1,0,0,0,0,0,0
dog (595).jpg,0,0,0,1,0,0,0,0,0,0
dog (596).jpg,0,0,0,1,0,0,0,0,0,0
dog (597).jpg,0,0,0,1,0,0,0,0,0,0
dog (598).jpg,0,0,0,1,0,0,0,0,0,0
dog (599).jpg,0,0,0,1,0,0,0,0,0,0
dog (600).jpg,0,0,0,1,0,0,0,0,0,0
dog (601).jpg,0,0,0,1,0,0,0,0,0,0
dog (602).jpg,0,0,0,1,0,0,0,0,0,0
dog (603).jpg,0,0,0,1,0,0,0,0,0,0
dog (604).jpg,0,0,0,1,0,0,0,0,0,0
dog (605).jpg,0,0,0,1,0,0,0,0,0,0
dog (606).jpg,0,0,0,1,0,0,0,0,0,0
dog (607).jpg,0,0,0,1,0,0,0,0,0,0
dog (608).jpg,0,0,0,1,0,0,0,0,0,0
dog (609).jpg,0,0,0,1,0,0,0,0,0,0
dog (610).jpg,0,0,0,1,0,0,0,0,0,0
dog (611).jpg,0,0,0,1,0,0,0,0,0,0
dog (612).jpg,0,0,0,1,0,0,0,0,0,0
dog (613).jpg,0,0,0,1,0,0,0,0,0,0
dog (614).jpg,0,0,0,1,0,0,0,0,0,0
dog (615).jpg,0,0,0,1,0,0,0,0,0,0
dog (616).jpg,0,0,0,1,0,0,0,0,0,0
dog (617).jpg,0,0,0,1,0,0,0,0,0,0
dog (618).jpg,0,0,0,1,0,0,0,0,0,0
dog (619).jpg,0,0,0,1,0,0,0,0,0,0
dog (620).jpg,0,0,0,1,0,0,0,0,0,0
dog (621).jpg,0,0,0,1,0,0,0,0,0,0
dog (622).jpg,0,0,0,1,0,0,0,0,0,0
dog (623).jpg,0,0,0,1,0,0,0,0,0,0
dog (624).jpg,0,0,0,1,0,0,0,0,0,0
dog (625).jpg,0,0,0,1,0,0,0,0,0,0
dog (626).jpg,0,0,0,1,0,0,0,0,0,0
dog (627).jpg,0,0,0,1,0,0,0,0,0,0
dog (628).jpg,0,0,0,1,0,0,0,0,0,0
dog (629).jpg,0,0,0,1,0,0,0,0,0,0
dog (630).jpg,0,0,0,1,0,0,0,0,0,0
dog (631).jpg,0,0,0,1,0,0,0,0,0,0
dog (632).jpg,0,0,0,1,0,0,0,0,0,0
dog (633).jpg,0,0,0,1,0,0,0,0,0,0
dog (634).jpg,0,0,0,1,0,0,0,0,0,0
dog (635).jpg,0,0,0,1,0,0,0,0,0,0
dog (636).jpg,0,0,0,1,0,0,0,0,0,0
dog (637).jpg,0,0,0,1,0,0,0,0,0,0
dog (638).jpg,0,0,0,1,0,0,0,0,0,0
dog (639).jpg,0,0,0,1,0,0,0,0,0,0
dog (640).jpg,0,0,0,1,0,0,0,0,0,0
dog (641).jpg,0,0,0,1,0,0,0,0,0,0
dog (642).jpg,0,0,0,1,0,0,0,0,0,0
dog (643).jpg,0,0,0,1,0,0,0,0,0,0
dog (644).jpg,0,0,0,1,0,0,0,0,0,0
dog (645).jpg,0,0,0,1,0,0,0,0,0,0
dog (646).jpg,0,0,0,1,0,0,0,0,0,0
dog (647).jpg,0,0,0,1,0,0,0,0,0,0
dog (648).jpg,0,0,0,1,0,0,0,0,0,0
dog (649).jpg,0,0,0,1,0,0,0,0,0,0
dog (650).jpg,0,0,0,1,0,0,0,0,0,0
dog (651).jpg,0,0,0,1,0,0,0,0,0,0
dog (652).jpg,0,0,0,1,0,0,0,0,0,0
dog (653).jpg,0,0,0,1,0,0,0,0,0,0
dog (654).jpg,0,0,0,1,0,0,0,0,0,0
dog (655).jpg,0,0,0,1,0,0,0,0,0,0
dog (656).jpg,0,0,0,1,0,0,0,0,0,0
dog (657).jpg,0,0,0,1,0,0,0,0,0,0
dog (658).jpg,0,0,0,1,0,0,0,0,0,0
dog (659).jpg,0,0,0,1,0,0,0,0,0,0
dog (660).jpg,0,0,0,1,0,0,0,0,0,0
dog (661).jpg,0,0,0,1,0,0,0,0,0,0
dog (662).jpg,0,0,0,1,0,0,0,0,0,0
dog (663).jpg,0,0,0,1,0,0,0,0,0,0
dog (664).jpg,0,0,0,1,0,0,0,0,0,0
dog (665).jpg,0,0,0,1,0,0,0,0,0,0
dog (666).jpg,0,0,0,1,0,0,0,0,0,0
dog (667).jpg,0,0,0,1,0,0,0,0,0,0
dog (668).jpg,0,0,0,1,0,0,0,0,0,0
dog (669).jpg,0,0,0,1,0,0,0,0,0,0
dog (670).jpg,0,0,0,1,0,0,0,0,0,0
dog (671).jpg,0,0,0,1,0,0,0,0,0,0
dog (672).jpg,0,0,0,1,0,0,0,0,0,0
dog (673).jpg,0,0,0,1,0,0,0,0,0,0
dog (674).jpg,0,0,0,1,0,0,0,0,0,0
dog (675).jpg,0,0,0,1,0,0,0,0,0,0
dog (676).jpg,0,0,0,1,0,0,0,0,0,0
dog (677).jpg,0,0,0,1,0,0,0,0,0,0
dog (678).jpg,0,0,0,1,0,0,0,0,0,0
dog (679).jpg,0,0,0,1,0,0,0,0,0,0
dog (680).jpg,0,0,0,1,0,0,0,0,0,0
dog (681).jpg,0,0,0,1,0,0,0,0,0,0
dog (682).jpg,0,0,0,1,0,0,0,0,0,0
dog (683).jpg,0,0,0,1,0,0,0,0,0,0
dog (684).jpg,0,0,0,1,0,0,0,0,0,0
dog (685).jpg,0,0,0,1,0,0,0,0,0,0
dog (686).jpg,0,0,0,1,0,0,0,0,0,0
dog (687).jpg,0,0,0,1,0,0,0,0,0,0
dog (688).jpg,0,0,0,1,0,0,0,0,0,0
dog (689).jpg,0,0,0,1,0,0,0,0,0,0
dog (690).jpg,0,0,0,1,0,0,0,0,0,0
dog (691).jpg,0,0,0,1,0,0,0,0,0,0
dog (692).jpg,0,0,0,1,0,0,0,0,0,0
dog (693).jpg,0,0,0,1,0,0,0,0,0,0
dog (694).jpg,0,0,0,1,0,0,0,0,0,0
dog (695).jpg,0,0,0,1,0,0,0,0,0,0
dog (696).jpg,0,0,0,1,0,0,0,0,0,0
dog (697).jpg,0,0,0,1,0,0,0,0,0,0
dog (698).jpg,0,0,0,1,0,0,0,0,0,0
dog (699).jpg,0,0,0,1,0,0,0,0,0,0
dog (700).jpg,0,0,0,1,0,0,0,0,0,0
dog (701).jpg,0,0,0,1,0,0,0,0,0,0
dog (702).jpg,0,0,0,1,0,0,0,0,0,0
dog (703).jpg,0,0,0,1,0,0,0,0,0,0
dog (704).jpg,0,0,0,1,0,0,0,0,0,0
dog (705).jpg,0,0,0,1,0,0,0,0,0,0
dog (706).jpg,0,0,0,1,0,0,0,0,0,0
dog (707).jpg,0,0,0,1,0,0,0,0,0,0
dog (708).jpg,0,0,0,1,0,0,0,0,0,0
dog (709).jpg,0,0,0,1,0,0,0,0,0,0
dog (710).jpg,0,0,0,1,0,0,0,0,0,0
dog (711).jpg,0,0,0,1,0,0,0,0,0,0
dog (712).jpg,0,0,0,1,0,0,0,0,0,0
dog (713).jpg,0,0,0,1,0,0,0,0,0,0
dog (714).jpg,0,0,0,1,0,0,0,0,0,0
dog (715).jpg,0,0,0,1,0,0,0,0,0,0
dog (716).jpg,0,0,0,1,0,0,0,0,0,0
dog (717).jpg,0,0,0,1,0,0,0,0,0,0
dog (718).jpg,0,0,0,1,0,0,0,0,0,0
dog (719).jpg,0,0,0,1,0,0,0,0,0,0
dog (720).jpg,0,0,0,1,0,0,0,0,0,0
dog (721).jpg,0,0,0,1,0,0,0,0,0,0
dog (722).jpg,0,0,0,1,0,0,0,0,0,0
dog (723).jpg,0,0,0,1,0,0,0,0,0,0
dog (724).jpg,0,0,0,1,0,0,0,0,0,0
dog (725).jpg,0,0,0,1,0,0,0,0,0,0
dog (726).jpg,0,0,0,1,0,0,0,0,0,0
dog (727).jpg,0,0,0,1,0,0,0,0,0,0
dog (728).jpg,0,0,0,1,0,0,0,0,0,0
dog (729).jpg,0,0,0,1,0,0,0,0,0,0
dog (730).jpg,0,0,0,1,0,0,0,0,0,0
dog (731).jpg,0,0,0,1,0,0,0,0,0,0
dog (732).jpg,0,0,0,1,0,0,0,0,0,0
dog (733).jpg,0,0,0,1,0,0,0,0,0,0
dog (734).jpg,0,0,0,1,0,0,0,0,0,0
dog (735).jpg,0,0,0,1,0,0,0,0,0,0
dog (736).jpg,0,0,0,1,0,0,0,0,0,0
dog (737).jpg,0,0,0,0,1,0,0,0,0,0
dog (738).jpg,0,0,0,0,1,0,0,0,0,0
dog (739).jpg,0,0,0,0,1,0,0,0,0,0
dog (740).jpg,0,0,0,0,1,0,0,0,0,0
dog (741).jpg,0,0,0,0,1,0,0,0,0,0
dog (742).jpg,0,0,0,0,1,0,0,0,0,0
dog (743).jpg,0,0,0,0,1,0,0,0,0,0
dog (744).jpg,0,0,0,0,1,0,0,0,0,0
dog (745).jpg,0,0,0,0,1,0,0,0,0,0
dog (746).jpg,0,0,0,0,1,0,0,0,0,0
dog (747).jpg,0,0,0,0,1,0,0,0,0,0
dog (748).jpg,0,0,0,0,1,0,0,0,0,0
dog (749).jpg,0,0,0,0,1,0,0,0,0,0
dog (750).jpg,0,0,0,0,1,0,0,0,0,0
dog (751).jpg,0,0,0,0,1,0,0,0,0,0
dog (752).jpg,0,0,0,0,1,0,0,0,0,0
dog (753).jpg,0,0,0,0,1,0,0,0,0,0
dog (754).jpg,0,0,0,0,1,0,0,0,0,0
dog (755).jpg,0,0,0,0,1,0,0,0,0,0
dog (756).jpg,0,0,0,0,1,0,0,0,0,0
dog (757).jpg,0,0,0,0,1,0,0,0,0,0
dog (758).jpg,0,0,0,0,1,0,0,0,0,0
dog (759).jpg,0,0,0,0,1,0,0,0,0,0
dog (760).jpg,0,0,0,0,1,0,0,0,0,0
dog (761).jpg,0,0,0,0,1,0,0,0,0,0
dog (762).jpg,0,0,0,0,1,0,0,0,0,0
dog (763).jpg,0,0,0,0,1,0,0,0,0,0
dog (764).jpg,0,0,0,0,1,0,0,0,0,0
dog (765).jpg,0,0,0,0,1,0,0,0,0,0
dog (766).jpg,0,0,0,0,1,0,0,0,0,0
dog (767).jpg,0,0,0,0,1,0,0,0,0,0
dog (768).jpg,0,0,0,0,1,0,0,0,0,0
dog (769).jpg,0,0,0,0,1,0,0,0,0,0
dog (770).jpg,0,0,0,0,1,0,0,0,0,0
dog (771).jpg,0,0,0,0,1,0,0,0,0,0
dog (772).jpg,0,0,0,0,1,0,0,0,0,0
dog (773).jpg,0,0,0,0,1,0,0,0,0,0
dog (774).jpg,0,0,0,0,1,0,0,0,0,0
dog (775).jpg,0,0,0,0,1,0,0,0,0,0
dog (776).jpg,0,0,0,0,1,0,0,0,0,0
dog (777).jpg,0,0,0,0,1,0,0,0,0,0
dog (778).jpg,0,0,0,0,1,0,0,0,0,0
dog (779).jpg,0,0,0,0,1,0,0,0,0,0
dog (780).jpg,0,0,0,0,1,0,0,0,0,0
dog (781).jpg,0,0,0,0,1,0,0,0,0,0
dog (782).jpg,0,0,0,0,1,0,0,0,0,0
dog (783).jpg,0,0,0,0,1,0,0,0,0,0
dog (784).jpg,0,0,0,0,1,0,0,0,0,0
dog (785).jpg,0,0,0,0,1,0,0,0,0,0
dog (786).jpg,0,0,0,0,1,0,0,0,0,0
dog (787).jpg,0,0,0,0,1,0,0,0,0,0
dog (788).jpg,0,0,0,0,1,0,0,0,0,0
dog (789).jpg,0,0,0,0,1,0,0,0,0,0
dog (790).jpg,0,0,0,0,1,0,0,0,0,0
dog (791).jpg,0,0,0,0,1,0,0,0,0,0
dog (792).jpg,0,0,0,0,1,0,0,0,0,0
dog (793).jpg,0,0,0,0,1,0,0,0,0,0
dog (794).jpg,0,0,0,0,1,0,0,0,0,0
dog (795).jpg,0,0,0,0,1,0,0,0,0,0
dog (796).jpg,0,0,0,0,1,0,0,0,0,0
dog (797).jpg,0,0,0,0,1,0,0,0,0,0
dog (798).jpg,0,0,0,0,1,0,0,0,0,0
dog (799).jpg,0,0,0,0,1,0,0,0,0,0
dog (800).jpg,0,0,0,0,1,0,0,0,0,0
dog (801).jpg,0,0,0,0,1,0,0,0,0,0
dog (802).jpg,0,0,0,0,1,0,0,0,0,0
dog (803).jpg,0,0,0,0,1,0,0,0,0,0
dog (804).jpg,0,0,0,0,1,0,0,0,0,0
dog (805).jpg,0,0,0,0,1,0,0,0,0,0
dog (806).jpg,0,0,0,0,1,0,0,0,0,0
dog (807).jpg,0,0,0,0,1,0,0,0,0,0
dog (808).jpg,0,0,0,0,1,0,0,0,0,0
dog (809).jpg,0,0,0,0,1,0,0,0,0,0
dog (810).jpg,0,0,0,0,1,0,0,0,0,0
dog (811).jpg,0,0,0,0,1,0,0,0,0,0
dog (812).jpg,0,0,0,0,1,0,0,0,0,0
dog (813).jpg,0,0,0,0,1,0,0,0,0,0
dog (814).jpg,0,0,0,0,1,0,0,0,0,0
dog (815).jpg,0,0,0,0,1,0,0,0,0,0
dog (816).jpg,0,0,0,0,1,0,0,0,0,0
dog (817).jpg,0,0,0,0,1,0,0,0,0,0
dog (818).jpg,0,0,0,0,1,0,0,0,0,0
dog (819).jpg,0,0,0,0,1,0,0,0,0,0
dog (820).jpg,0,0,0,0,1,0,0,0,0,0
dog (821).jpg,0,0,0,0,1,0,0,0,0,0
dog (822).jpg,0,0,0,0,1,0,0,0,0,0
dog (823).jpg,0,0,0,0,1,0,0,0,0,0
dog (824).jpg,0,0,0,0,1,0,0,0,0,0
dog (825).jpg,0,0,0,0,1,0,0,0,0,0
dog (826).jpg,0,0,0,0,1,0,0,0,0,0
dog (827).jpg,0,0,0,0,1,0,0,0,0,0
dog (828).jpg,0,0,0,0,1,0,0,0,0,0
dog (829).jpg,0,0,0,0,1,0,0,0,0,0
dog (830).jpg,0,0,0,0,1,0,0,0,0,0
dog (831).jpg,0,0,0,0,1,0,0,0,0,0
dog (832).jpg,0,0,0,0,1,0,0,0,0,0
dog (833).jpg,0,0,0,0,1,0,0,0,0,0
dog (834).jpg,0,0,0,0,1,0,0,0,0,0
dog (835).jpg,0,0,0,0,1,0,0,0,0,0
dog (836).jpg,0,0,0,0,1,0,0,0,0,0
dog (837).jpg,0,0,0,0,1,0,0,0,0,0
dog (838).jpg,0,0,0,0,1,0,0,0,0,0
dog (839).jpg,0,0,0,0,1,0,0,0,0,0
dog (840).jpg,0,0,0,0,1,0,0,0,0,0
dog (841).jpg,0,0,0,0,1,0,0,0,0,0
dog (842).jpg,0,0,0,0,1,0,0,0,0,0
dog (843).jpg,0,0,0,0,1,0,0,0,0,0
dog (844).jpg,0,0,0,0,1,0,0,0,0,0
dog (845).jpg,0,0,0,0,1,0,0,0,0,0
dog (846).jpg,0,0,0,0,1,0,0,0,0,0
dog (847).jpg,0,0,0,0,1,0,0,0,0,0
dog (848).jpg,0,0,0,0,1,0,0,0,0,0
dog (849).jpg,0,0,0,0,1,0,0,0,0,0
dog (850).jpg,0,0,0,0,1,0,0,0,0,0
dog (851).jpg,0,0,0,0,1,0,0,0,0,0
dog (852).jpg,0,0,0,0,1,0,0,0,0,0
dog (853).jpg,0,0,0,0,1,0,0,0,0,0
dog (854).jpg,0,0,0,0,1,0,0,0,0,0
dog (855).jpg,0,0,0,0,1,0,0,0,0,0
dog (856).jpg,0,0,0,0,1,0,0,0,0,0
dog (857).jpg,0,0,0,0,1,0,0,0,0,0
dog (858).jpg,0,0,0,0,1,0,0,0,0,0
dog (859).jpg,0,0,0,0,1,0,0,0,0,0
dog (860).jpg,0,0,0,0,1,0,0,0,0,0
dog (861).jpg,0,0,0,0,1,0,0,0,0,0
dog (862).jpg,0,0,0,0,1,0,0,0,0,0
dog (863).jpg,0,0,0,0,1,0,0,0,0,0
dog (864).jpg,0,0,0,0,1,0,0,0,0,0
dog (865).jpg,0,0,0,0,1,0,0,0,0,0
dog (866).jpg,0,0,0,0,1,0,0,0,0,0
dog (867).jpg,0,0,0,0,1,0,0,0,0,0
dog (868).jpg,0,0,0,0,1,0,0,0,0,0
dog (869).jpg,0,0,0,0,1,0,0,0,0,0
dog (870).jpg,0,0,0,0,1,0,0,0,0,0
dog (871).jpg,0,0,0,0,1,0,0,0,0,0
dog (872).jpg,0,0,0,0,1,0,0,0,0,0
dog (873).jpg,0,0,0,0,1,0,0,0,0,0
dog (874).jpg,0,0,0,0,1,0,0,0,0,0
dog (875).jpg,0,0,0,0,1,0,0,0,0,0
dog (876).jpg,0,0,0,0,1,0,0,0,0,0
dog (877).jpg,0,0,0,0,1,0,0,0,0,0
dog (878).jpg,0,0,0,0,1,0,0,0,0,0
dog (879).jpg,0,0,0,0,1,0,0,0,0,0
dog (880).jpg,0,0,0,0,1,0,0,0,0,0
dog (881).jpg,0,0,0,0,1,0,0,0,0,0
dog (882).jpg,0,0,0,0,1,0,0,0,0,0
dog (883).jpg,0,0,0,0,1,0,0,0,0,0
dog (884).jpg,0,0,0,0,1,0,0,0,0,0
dog (885).jpg,0,0,0,0,1,0,0,0,0,0
dog (886).jpg,0,0,0,0,1,0,0,0,0,0
dog (887).jpg,0,0,0,0,1,0,0,0,0,0
dog (888).jpg,0,0,0,0,1,0,0,0,0,0
dog (889).jpg,0,0,0,0,1,0,0,0,0,0
dog (890).jpg,0,0,0,0,1,0,0,0,0,0
dog (891).jpg,0,0,0,0,1,0,0,0,0,0
dog (892).jpg,0,0,0,0,1,0,0,0,0,0
dog (893).jpg,0,0,0,0,1,0,0,0,0,0
dog (894).jpg,0,0,0,0,1,0,0,0,0,0
dog (895).jpg,0,0,0,0,1,0,0,0,0,0
dog (896).jpg,0,0,0,0,1,0,0,0,0,0
dog (897).jpg,0,0,0,0,1,0,0,0,0,0
dog (898).jpg,0,0,0,0,1,0,0,0,0,0
dog (899).jpg,0,0,0,0,1,0,0,0,0,0
dog (900).jpg,0,0,0,0,1,0,0,0,0,0
dog (901).jpg,0,0,0,0,1,0,0,0,0,0
dog (902).jpg,0,0,0,0,1,0,0,0,0,0
dog (903).jpg,0,0,0,0,1,0,0,0,0,0
dog (904).jpg,0,0,0,0,1,0,0,0,0,0
dog (905).jpg,0,0,0,0,1,0,0,0,0,0
dog (906).jpg,0,0,0,0,1,0,0,0,0,0
dog (907).jpg,0,0,0,0,1,0,0,0,0,0
dog (908).jpg,0,0,0,0,1,0,0,0,0,0
dog (909).jpg,0,0,0,0,1,0,0,0,0,0
dog (910).jpg,0,0,0,0,1,0,0,0,0,0
dog (911).jpg,0,0,0,0,1,0,0,0,0,0
dog (912).jpg,0,0,0,0,1,0,0,0,0,0
dog (913).jpg,0,0,0,0,1,0,0,0,0,0
dog (914).jpg,0,0,0,0,1,0,0,0,0,0
dog (915).jpg,0,0,0,0,1,0,0,0,0,0
dog (916).jpg,0,0,0,0,1,0,0,0,0,0
dog (917).jpg,0,0,0,0,1,0,0,0,0,0
dog (918).jpg,0,0,0,0,1,0,0,0,0,0
dog (919).jpg,0,0,0,0,1,0,0,0,0,0
dog (920).jpg,0,0,0,0,1,0,0,0,0,0
dog (921).jpg,0,0,0,0,1,0,0,0,0,0
dog (922).jpg,0,0,0,0,1,0,0,0,0,0
dog (923).jpg,0,0,0,0,1,0,0,0,0,0
dog (924).jpg,0,0,0,0,1,0,0,0,0,0
dog (925).jpg,0,0,0,0,1,0,0,0,0,0
dog (926).jpg,0,0,0,0,1,0,0,0,0,0
dog (927).jpg,0,0,0,0,1,0,0,0,0,0
dog (928).jpg,0,0,0,0,1,0,0,0,0,0
dog (929).jpg,0,0,0,0,1,0,0,0,0,0
dog (930).jpg,0,0,0,0,1,0,0,0,0,0
dog (931).jpg,0,0,0,0,1,0,0,0,0,0
dog (932).jpg,0,0,0,0,1,0,0,0,0,0
dog (933).jpg,0,0,0,0,1,0,0,0,0,0
dog (934).jpg,0,0,0,0,0,1,0,0,0,0
dog (935).jpg,0,0,0,0,0,1,0,0,0,0
dog (936).jpg,0,0,0,0,0,1,0,0,0,0
dog (937).jpg,0,0,0,0,0,1,0,0,0,0
dog (938).jpg,0,0,0,0,0,1,0,0,0,0
dog (939).jpg,0,0,0,0,0,1,0,0,0,0
dog (940).jpg,0,0,0,0,0,1,0,0,0,0
dog (941).jpg,0,0,0,0,0,1,0,0,0,0
dog (942).jpg,0,0,0,0,0,1,0,0,0,0
dog (943).jpg,0,0,0,0,0,1,0,0,0,0
dog (944).jpg,0,0,0,0,0,1,0,0,0,0
dog (945).jpg,0,0,0,0,0,1,0,0,0,0
dog (946).jpg,0,0,0,0,0,1,0,0,0,0
dog (947).jpg,0,0,0,0,0,1,0,0,0,0
dog (948).jpg,0,0,0,0,0,1,0,0,0,0
dog (949).jpg,0,0,0,0,0,1,0,0,0,0
dog (950).jpg,0,0,0,0,0,1,0,0,0,0
dog (951).jpg,0,0,0,0,0,1,0,0,0,0
dog (952).jpg,0,0,0,0,0,1,0,0,0,0
dog (953).jpg,0,0,0,0,0,1,0,0,0,0
dog (954).jpg,0,0,0,0,0,1,0,0,0,0
dog (955).jpg,0,0,0,0,0,1,0,0,0,0
dog (956).jpg,0,0,0,0,0,1,0,0,0,0
dog (957).jpg,0,0,0,0,0,1,0,0,0,0
dog (958).jpg,0,0,0,0,0,1,0,0,0,0
dog (959).jpg,0,0,0,0,0,1,0,0,0,0
dog (960).jpg,0,0,0,0,0,1,0,0,0,0
dog (961).jpg,0,0,0,0,0,1,0,0,0,0
dog (962).jpg,0,0,0,0,0,1,0,0,0,0
dog (963).jpg,0,0,0,0,0,1,0,0,0,0
dog (964).jpg,0,0,0,0,0,1,0,0,0,0
dog (965).jpg,0,0,0,0,0,1,0,0,0,0
dog (966).jpg,0,0,0,0,0,1,0,0,0,0
dog (967).jpg,0,0,0,0,0,1,0,0,0,0
dog (968).jpg,0,0,0,0,0,1,0,0,0,0
dog (969).jpg,0,0,0,0,0,1,0,0,0,0
dog (970).jpg,0,0,0,0,0,1,0,0,0,0
dog (971).jpg,0,0,0,0,0,1,0,0,0,0
dog (972).jpg,0,0,0,0,0,1,0,0,0,0
dog (973).jpg,0,0,0,0,0,1,0,0,0,0
dog (974).jpg,0,0,0,0,0,1,0,0,0,0
dog (975).jpg,0,0,0,0,0,1,0,0,0,0
dog (976).jpg,0,0,0,0,0,1,0,0,0,0
dog (977).jpg,0,0,0,0,0,1,0,0,0,0
dog (978).jpg,0,0,0,0,0,1,0,0,0,0
dog (979).jpg,0,0,0,0,0,1,0,0,0,0
dog (980).jpg,0,0,0,0,0,1,0,0,0,0
dog (981).jpg,0,0,0,0,0,1,0,0,0,0
dog (982).jpg,0,0,0,0,0,1,0,0,0,0
dog (983).jpg,0,0,0,0,0,1,0,0,0,0
dog (984).jpg,0,0,0,0,0,1,0,0,0,0
dog (985).jpg,0,0,0,0,0,1,0,0,0,0
dog (986).jpg,0,0,0,0,0,1,0,0,0,0
dog (987).jpg,0,0,0,0,0,1,0,0,0,0
dog (988).jpg,0,0,0,0,0,1,0,0,0,0
dog (989).jpg,0,0,0,0,0,1,0,0,0,0
dog (990).jpg,0,0,0,0,0,1,0,0,0,0
dog (991).jpg,0,0,0,0,0,1,0,0,0,0
dog (992).jpg,0,0,0,0,0,1,0,0,0,0
dog (993).jpg,0,0,0,0,0,1,0,0,0,0
dog (994).jpg,0,0,0,0,0,1,0,0,0,0
dog (995).jpg,0,0,0,0,0,1,0,0,0,0
dog (996).jpg,0,0,0,0,0,1,0,0,0,0
dog (997).jpg,0,0,0,0,0,1,0,0,0,0
dog (998).jpg,0,0,0,0,0,1,0,0,0,0
dog (999).jpg,0,0,0,0,0,1,0,0,0,0
dog (1000).jpg,0,0,0,0,0,1,0,0,0,0
dog (1001).jpg,0,0,0,0,0,1,0,0,0,0
dog (1002).jpg,0,0,0,0,0,1,0,0,0,0
dog (1003).jpg,0,0,0,0,0,1,0,0,0,0
dog (1004).jpg,0,0,0,0,0,1,0,0,0,0
dog (1005).jpg,0,0,0,0,0,1,0,0,0,0
dog (1006).jpg,0,0,0,0,0,1,0,0,0,0
dog (1007).jpg,0,0,0,0,0,1,0,0,0,0
dog (1008).jpg,0,0,0,0,0,1,0,0,0,0
dog (1009).jpg,0,0,0,0,0,1,0,0,0,0
dog (1010).jpg,0,0,0,0,0,1,0,0,0,0
dog (1011).jpg,0,0,0,0,0,1,0,0,0,0
dog (1012).jpg,0,0,0,0,0,1,0,0,0,0
dog (1013).jpg,0,0,0,0,0,1,0,0,0,0
dog (1014).jpg,0,0,0,0,0,1,0,0,0,0
dog (1015).jpg,0,0,0,0,0,1,0,0,0,0
dog (1016).jpg,0,0,0,0,0,1,0,0,0,0
dog (1017).jpg,0,0,0,0,0,1,0,0,0,0
dog (1018).jpg,0,0,0,0,0,1,0,0,0,0
dog (1019).jpg,0,0,0,0,0,1,0,0,0,0
dog (1020).jpg,0,0,0,0,0,1,0,0,0,0
dog (1021).jpg,0,0,0,0,0,1,0,0,0,0
dog (1022).jpg,0,0,0,0,0,1,0,0,0,0
dog (1023).jpg,0,0,0,0,0,1,0,0,0,0
dog (1024).jpg,0,0,0,0,0,1,0,0,0,0
dog (1025).jpg,0,0,0,0,0,1,0,0,0,0
dog (1026).jpg,0,0,0,0,0,1,0,0,0,0
dog (1027).jpg,0,0,0,0,0,1,0,0,0,0
dog (1028).jpg,0,0,0,0,0,1,0,0,0,0
dog (1029).jpg,0,0,0,0,0,1,0,0,0,0
dog (1030).jpg,0,0,0,0,0,1,0,0,0,0
dog (1031).jpg,0,0,0,0,0,1,0,0,0,0
dog (1032).jpg,0,0,0,0,0,1,0,0,0,0
dog (1033).jpg,0,0,0,0,0,1,0,0,0,0
dog (1034).jpg,0,0,0,0,0,1,0,0,0,0
dog (1035).jpg,0,0,0,0,0,1,0,0,0,0
dog (1036).jpg,0,0,0,0,0,1,0,0,0,0
dog (1037).jpg,0,0,0,0,0,1,0,0,0,0
dog (1038).jpg,0,0,0,0,0,1,0,0,0,0
dog (1039).jpg,0,0,0,0,0,1,0,0,0,0
dog (1040).jpg,0,0,0,0,0,1,0,0,0,0
dog (1041).jpg,0,0,0,0,0,1,0,0,0,0
dog (1042).jpg,0,0,0,0,0,1,0,0,0,0
dog (1043).jpg,0,0,0,0,0,1,0,0,0,0
dog (1044).jpg,0,0,0,0,0,1,0,0,0,0
dog (1045).jpg,0,0,0,0,0,1,0,0,0,0
dog (1046).jpg,0,0,0,0,0,1,0,0,0,0
dog (1047).jpg,0,0,0,0,0,1,0,0,0,0
dog (1048).jpg,0,0,0,0,0,1,0,0,0,0
dog (1049).jpg,0,0,0,0,0,1,0,0,0,0
dog (1050).jpg,0,0,0,0,0,1,0,0,0,0
dog (1051).jpg,0,0,0,0,0,1,0,0,0,0
dog (1052).jpg,0,0,0,0,0,1,0,0,0,0
dog (1053).jpg,0,0,0,0,0,1,0,0,0,0
dog (1054).jpg,0,0,0,0,0,1,0,0,0,0
dog (1055).jpg,0,0,0,0,0,1,0,0,0,0
dog (1056).jpg,0,0,0,0,0,1,0,0,0,0
dog (1057).jpg,0,0,0,0,0,1,0,0,0,0
dog (1058).jpg,0,0,0,0,0,1,0,0,0,0
dog (1059).jpg,0,0,0,0,0,1,0,0,0,0
dog (1060).jpg,0,0,0,0,0,1,0,0,0,0
dog (1061).jpg,0,0,0,0,0,1,0,0,0,0
dog (1062).jpg,0,0,0,0,0,1,0,0,0,0
dog (1063).jpg,0,0,0,0,0,1,0,0,0,0
dog (1064).jpg,0,0,0,0,0,1,0,0,0,0
dog (1065).jpg,0,0,0,0,0,1,0,0,0,0
dog (1066).jpg,0,0,0,0,0,1,0,0,0,0
dog (1067).jpg,0,0,0,0,0,1,0,0,0,0
dog (1068).jpg,0,0,0,0,0,1,0,0,0,0
dog (1069).jpg,0,0,0,0,0,1,0,0,0,0
dog (1070).jpg,0,0,0,0,0,1,0,0,0,0
dog (1071).jpg,0,0,0,0,0,1,0,0,0,0
dog (1072).jpg,0,0,0,0,0,1,0,0,0,0
dog (1073).jpg,0,0,0,0,0,1,0,0,0,0
dog (1074).jpg,0,0,0,0,0,1,0,0,0,0
dog (1075).jpg,0,0,0,0,0,1,0,0,0,0
dog (1076).jpg,0,0,0,0,0,1,0,0,0,0
dog (1077).jpg,0,0,0,0,0,1,0,0,0,0
dog (1078).jpg,0,0,0,0,0,1,0,0,0,0
dog (1079).jpg,0,0,0,0,0,1,0,0,0,0
dog (1080).jpg,0,0,0,0,0,1,0,0,0,0
dog (1081).jpg,0,0,0,0,0,1,0,0,0,0
dog (1082).jpg,0,0,0,0,0,1,0,0,0,0
dog (1083).jpg,0,0,0,0,0,1,0,0,0,0
dog (1084).jpg,0,0,0,0,0,1,0,0,0,0
dog (1085).jpg,0,0,0,0,0,1,0,0,0,0
dog (1086).jpg,0,0,0,0,0,1,0,0,0,0
dog (1087).jpg,0,0,0,0,0,1,0,0,0,0
dog (1088).jpg,0,0,0,0,0,1,0,0,0,0
dog (1089).jpg,0,0,0,0,0,1,0,0,0,0
dog (1090).jpg,0,0,0,0,0,1,0,0,0,0
dog (1091).jpg,0,0,0,0,0,1,0,0,0,0
dog (1092).jpg,0,0,0,0,0,1,0,0,0,0
dog (1093).jpg,0,0,0,0,0,1,0,0,0,0
dog (1094).jpg,0,0,0,0,0,1,0,0,0,0
dog (1095).jpg,0,0,0,0,0,1,0,0,0,0
dog (1096).jpg,0,0,0,0,0,1,0,0,0,0
dog (1097).jpg,0,0,0,0,0,1,0,0,0,0
dog (1098).jpg,0,0,0,0,0,1,0,0,0,0
dog (1099).jpg,0,0,0,0,0,1,0,0,0,0
dog (1100).jpg,0,0,0,0,0,1,0,0,0,0
dog (1101).jpg,0,0,0,0,0,1,0,0,0,0
dog (1102).jpg,0,0,0,0,0,1,0,0,0,0
dog (1103).jpg,0,0,0,0,0,1,0,0,0,0
dog (1104).jpg,0,0,0,0,0,1,0,0,0,0
dog (1105).jpg,0,0,0,0,0,1,0,0,0,0
dog (1106).jpg,0,0,0,0,0,1,0,0,0,0
dog (1107).jpg,0,0,0,0,0,1,0,0,0,0
dog (1108).jpg,0,0,0,0,0,1,0,0,0,0
dog (1109).jpg,0,0,0,0,0,1,0,0,0,0
dog (1110).jpg,0,0,0,0,0,1,0,0,0,0
dog (1111).jpg,0,0,0,0,0,1,0,0,0,0
dog (1112).jpg,0,0,0,0,0,1,0,0,0,0
dog (1113).jpg,0,0,0,0,0,1,0,0,0,0
dog (1114).jpg,0,0,0,0,0,1,0,0,0,0
dog (1115).jpg,0,0,0,0,0,1,0,0,0,0
dog (1116).jpg,0,0,0,0,0,0,1,0,0,0
dog (1117).jpg,0,0,0,0,0,0,1,0,0,0
dog (1118).jpg,0,0,0,0,0,0,1,0,0,0
dog (1119).jpg,0,0,0,0,0,0,1,0,0,0
dog (1120).jpg,0,0,0,0,0,0,1,0,0,0
dog (1121).jpg,0,0,0,0,0,0,1,0,0,0
dog (1122).jpg,0,0,0,0,0,0,1,0,0,0
dog (1123).jpg,0,0,0,0,0,0,1,0,0,0
dog (1124).jpg,0,0,0,0,0,0,1,0,0,0
dog (1125).jpg,0,0,0,0,0,0,1,0,0,0
dog (1126).jpg,0,0,0,0,0,0,1,0,0,0
dog (1127).jpg,0,0,0,0,0,0,1,0,0,0
dog (1128).jpg,0,0,0,0,0,0,1,0,0,0
dog (1129).jpg,0,0,0,0,0,0,1,0,0,0
dog (1130).jpg,0,0,0,0,0,0,1,0,0,0
dog (1131).jpg,0,0,0,0,0,0,1,0,0,0
dog (1132).jpg,0,0,0,0,0,0,1,0,0,0
dog (1133).jpg,0,0,0,0,0,0,1,0,0,0
dog (1134).jpg,0,0,0,0,0,0,1,0,0,0
dog (1135).jpg,0,0,0,0,0,0,1,0,0,0
dog (1136).jpg,0,0,0,0,0,0,1,0,0,0
dog (1137).jpg,0,0,0,0,0,0,1,0,0,0
dog (1138).jpg,0,0,0,0,0,0,1,0,0,0
dog (1139).jpg,0,0,0,0,0,0,1,0,0,0
dog (1140).jpg,0,0,0,0,0,0,1,0,0,0
dog (1141).jpg,0,0,0,0,0,0,1,0,0,0
dog (1142).jpg,0,0,0,0,0,0,1,0,0,0
dog (1143).jpg,0,0,0,0,0,0,1,0,0,0
dog (1144).jpg,0,0,0,0,0,0,1,0,0,0
dog (1145).jpg,0,0,0,0,0,0,1,0,0,0
dog (1146).jpg,0,0,0,0,0,0,1,0,0,0
dog (1147).jpg,0,0,0,0,0,0,1,0,0,0
dog (1148).jpg,0,0,0,0,0,0,1,0,0,0
dog (1149).jpg,0,0,0,0,0,0,1,0,0,0
dog (1150).jpg,0,0,0,0,0,0,1,0,0,0
dog (1151).jpg,0,0,0,0,0,0,1,0,0,0
dog (1152).jpg,0,0,0,0,0,0,1,0,0,0
dog (1153).jpg,0,0,0,0,0,0,1,0,0,0
dog (1154).jpg,0,0,0,0,0,0,1,0,0,0
dog (1155).jpg,0,0,0,0,0,0,1,0,0,0
dog (1156).jpg,0,0,0,0,0,0,1,0,0,0
dog (1157).jpg,0,0,0,0,0,0,1,0,0,0
dog (1158).jpg,0,0,0,0,0,0,1,0,0,0
dog (1159).jpg,0,0,0,0,0,0,1,0,0,0
dog (1160).jpg,0,0,0,0,0,0,1,0,0,0
dog (1161).jpg,0,0,0,0,0,0,1,0,0,0
dog (1162).jpg,0,0,0,0,0,0,1,0,0,0
dog (1163).jpg,0,0,0,0,0,0,1,0,0,0
dog (1164).jpg,0,0,0,0,0,0,1,0,0,0
dog (1165).jpg,0,0,0,0,0,0,1,0,0,0
dog (1166).jpg,0,0,0,0,0,0,1,0,0,0
dog (1167).jpg,0,0,0,0,0,0,1,0,0,0
dog (1168).jpg,0,0,0,0,0,0,1,0,0,0
dog (1169).jpg,0,0,0,0,0,0,1,0,0,0
dog (1170).jpg,0,0,0,0,0,0,1,0,0,0
dog (1171).jpg,0,0,0,0,0,0,1,0,0,0
dog (1172).jpg,0,0,0,0,0,0,1,0,0,0
dog (1173).jpg,0,0,0,0,0,0,1,0,0,0
dog (1174).jpg,0,0,0,0,0,0,1,0,0,0
dog (1175).jpg,0,0,0,0,0,0,1,0,0,0
dog (1176).jpg,0,0,0,0,0,0,1,0,0,0
dog (1177).jpg,0,0,0,0,0,0,1,0,0,0
dog (1178).jpg,0,0,0,0,0,0,1,0,0,0
dog (1179).jpg,0,0,0,0,0,0,1,0,0,0
dog (1180).jpg,0,0,0,0,0,0,1,0,0,0
dog (1181).jpg,0,0,0,0,0,0,1,0,0,0
dog (1182).jpg,0,0,0,0,0,0,1,0,0,0
dog (1183).jpg,0,0,0,0,0,0,1,0,0,0
dog (1184).jpg,0,0,0,0,0,0,1,0,0,0
dog (1185).jpg,0,0,0,0,0,0,1,0,0,0
dog (1186).jpg,0,0,0,0,0,0,1,0,0,0
dog (1187).jpg,0,0,0,0,0,0,1,0,0,0
dog (1188).jpg,0,0,0,0,0,0,1,0,0,0
dog (1189).jpg,0,0,0,0,0,0,1,0,0,0
dog (1190).jpg,0,0,0,0,0,0,1,0,0,0
dog (1191).jpg,0,0,0,0,0,0,1,0,0,0
dog (1192).jpg,0,0,0,0,0,0,1,0,0,0
dog (1193).jpg,0,0,0,0,0,0,1,0,0,0
dog (1194).jpg,0,0,0,0,0,0,1,0,0,0
dog (1195).jpg,0,0,0,0,0,0,1,0,0,0
dog (1196).jpg,0,0,0,0,0,0,1,0,0,0
dog (1197).jpg,0,0,0,0,0,0,1,0,0,0
dog (1198).jpg,0,0,0,0,0,0,1,0,0,0
dog (1199).jpg,0,0,0,0,0,0,1,0,0,0
dog (1200).jpg,0,0,0,0,0,0,1,0,0,0
dog (1201).jpg,0,0,0,0,0,0,1,0,0,0
dog (1202).jpg,0,0,0,0,0,0,1,0,0,0
dog (1203).jpg,0,0,0,0,0,0,1,0,0,0
dog (1204).jpg,0,0,0,0,0,0,1,0,0,0
dog (1205).jpg,0,0,0,0,0,0,1,0,0,0
dog (1206).jpg,0,0,0,0,0,0,1,0,0,0
dog (1207).jpg,0,0,0,0,0,0,1,0,0,0
dog (1208).jpg,0,0,0,0,0,0,1,0,0,0
dog (1209).jpg,0,0,0,0,0,0,1,0,0,0
dog (1210).jpg,0,0,0,0,0,0,1,0,0,0
dog (1211).jpg,0,0,0,0,0,0,1,0,0,0
dog (1212).jpg,0,0,0,0,0,0,1,0,0,0
dog (1213).jpg,0,0,0,0,0,0,1,0,0,0
dog (1214).jpg,0,0,0,0,0,0,1,0,0,0
dog (1215).jpg,0,0,0,0,0,0,1,0,0,0
dog (1216).jpg,0,0,0,0,0,0,1,0,0,0
dog (1217).jpg,0,0,0,0,0,0,1,0,0,0
dog (1218).jpg,0,0,0,0,0,0,1,0,0,0
dog (1219).jpg,0,0,0,0,0,0,1,0,0,0
dog (1220).jpg,0,0,0,0,0,0,1,0,0,0
dog (1221).jpg,0,0,0,0,0,0,1,0,0,0
dog (1222).jpg,0,0,0,0,0,0,1,0,0,0
dog (1223).jpg,0,0,0,0,0,0,1,0,0,0
dog (1224).jpg,0,0,0,0,0,0,1,0,0,0
dog (1225).jpg,0,0,0,0,0,0,1,0,0,0
dog (1226).jpg,0,0,0,0,0,0,1,0,0,0
dog (1227).jpg,0,0,0,0,0,0,1,0,0,0
dog (1228).jpg,0,0,0,0,0,0,1,0,0,0
dog (1229).jpg,0,0,0,0,0,0,1,0,0,0
dog (1230).jpg,0,0,0,0,0,0,1,0,0,0
dog (1231).jpg,0,0,0,0,0,0,1,0,0,0
dog (1232).jpg,0,0,0,0,0,0,1,0,0,0
dog (1233).jpg,0,0,0,0,0,0,1,0,0,0
dog (1234).jpg,0,0,0,0,0,0,1,0,0,0
dog (1235).jpg,0,0,0,0,0,0,1,0,0,0
dog (1236).jpg,0,0,0,0,0,0,1,0,0,0
dog (1237).jpg,0,0,0,0,0,0,1,0,0,0
dog (1238).jpg,0,0,0,0,0,0,1,0,0,0
dog (1239).jpg,0,0,0,0,0,0,1,0,0,0
dog (1240).jpg,0,0,0,0,0,0,1,0,0,0
dog (1241).jpg,0,0,0,0,0,0,1,0,0,0
dog (1242).jpg,0,0,0,0,0,0,1,0,0,0
dog (1243).jpg,0,0,0,0,0,0,1,0,0,0
dog (1244).jpg,0,0,0,0,0,0,1,0,0,0
dog (1245).jpg,0,0,0,0,0,0,1,0,0,0
dog (1246).jpg,0,0,0,0,0,0,1,0,0,0
dog (1247).jpg,0,0,0,0,0,0,1,0,0,0
dog (1248).jpg,0,0,0,0,0,0,1,0,0,0
dog (1249).jpg,0,0,0,0,0,0,1,0,0,0
dog (1250).jpg,0,0,0,0,0,0,1,0,0,0
dog (1251).jpg,0,0,0,0,0,0,1,0,0,0
dog (1252).jpg,0,0,0,0,0,0,1,0,0,0
dog (1253).jpg,0,0,0,0,0,0,1,0,0,0
dog (1254).jpg,0,0,0,0,0,0,1,0,0,0
dog (1255).jpg,0,0,0,0,0,0,1,0,0,0
dog (1256).jpg,0,0,0,0,0,0,1,0,0,0
dog (1257).jpg,0,0,0,0,0,0,1,0,0,0
dog (1258).jpg,0,0,0,0,0,0,1,0,0,0
dog (1259).jpg,0,0,0,0,0,0,1,0,0,0
dog (1260).jpg,0,0,0,0,0,0,1,0,0,0
dog (1261).jpg,0,0,0,0,0,0,1,0,0,0
dog (1262).jpg,0,0,0,0,0,0,1,0,0,0
dog (1263).jpg,0,0,0,0,0,0,1,0,0,0
dog (1264).jpg,0,0,0,0,0,0,1,0,0,0
dog (1265).jpg,0,0,0,0,0,0,1,0,0,0
dog (1266).jpg,0,0,0,0,0,0,1,0,0,0
dog (1267).jpg,0,0,0,0,0,0,1,0,0,0
dog (1268).jpg,0,0,0,0,0,0,1,0,0,0
dog (1269).jpg,0,0,0,0,0,0,1,0,0,0
dog (1270).jpg,0,0,0,0,0,0,1,0,0,0
dog (1271).jpg,0,0,0,0,0,0,1,0,0,0
dog (1272).jpg,0,0,0,0,0,0,1,0,0,0
dog (1273).jpg,0,0,0,0,0,0,1,0,0,0
dog (1274).jpg,0,0,0,0,0,0,1,0,0,0
dog (1275).jpg,0,0,0,0,0,0,1,0,0,0
dog (1276).jpg,0,0,0,0,0,0,1,0,0,0
dog (1277).jpg,0,0,0,0,0,0,1,0,0,0
dog (1278).jpg,0,0,0,0,0,0,1,0,0,0
dog (1279).jpg,0,0,0,0,0,0,1,0,0,0
dog (1280).jpg,0,0,0,0,0,0,1,0,0,0
dog (1281).jpg,0,0,0,0,0,0,1,0,0,0
dog (1282).jpg,0,0,0,0,0,0,1,0,0,0
dog (1283).jpg,0,0,0,0,0,0,1,0,0,0
dog (1284).jpg,0,0,0,0,0,0,1,0,0,0
dog (1285).jpg,0,0,0,0,0,0,1,0,0,0
dog (1286).jpg,0,0,0,0,0,0,1,0,0,0
dog (1287).jpg,0,0,0,0,0,0,1,0,0,0
dog (1288).jpg,0,0,0,0,0,0,1,0,0,0
dog (1289).jpg,0,0,0,0,0,0,1,0,0,0
dog (1290).jpg,0,0,0,0,0,0,1,0,0,0
dog (1291).jpg,0,0,0,0,0,0,1,0,0,0
dog (1292).jpg,0,0,0,0,0,0,1,0,0,0
dog (1293).jpg,0,0,0,0,0,0,1,0,0,0
dog (1294).jpg,0,0,0,0,0,0,1,0,0,0
dog (1295).jpg,0,0,0,0,0,0,1,0,0,0
dog (1296).jpg,0,0,0,0,0,0,1,0,0,0
dog (1297).jpg,0,0,0,0,0,0,1,0,0,0
dog (1298).jpg,0,0,0,0,0,0,1,0,0,0
dog (1299).jpg,0,0,0,0,0,0,1,0,0,0
dog (1300).jpg,0,0,0,0,0,0,1,0,0,0
dog (1301).jpg,0,0,0,0,0,0,1,0,0,0
dog (1302).jpg,0,0,0,0,0,0,1,0,0,0
dog (1303).jpg,0,0,0,0,0,0,1,0,0,0
dog (1304).jpg,0,0,0,0,0,0,1,0,0,0
dog (1305).jpg,0,0,0,0,0,0,1,0,0,0
dog (1306).jpg,0,0,0,0,0,0,1,0,0,0
dog (1307).jpg,0,0,0,0,0,0,1,0,0,0
dog (1308).jpg,0,0,0,0,0,0,1,0,0,0
dog (1309).jpg,0,0,0,0,0,0,1,0,0,0
dog (1310).jpg,0,0,0,0,0,0,1,0,0,0
dog (1311).jpg,0,0,0,0,0,0,1,0,0,0
dog (1312).jpg,0,0,0,0,0,0,1,0,0,0
dog (1313).jpg,0,0,0,0,0,0,1,0,0,0
dog (1314).jpg,0,0,0,0,0,0,1,0,0,0
dog (1315).jpg,0,0,0,0,0,0,1,0,0,0
dog (1316).jpg,0,0,0,0,0,0,1,0,0,0
dog (1317).jpg,0,0,0,0,0,0,1,0,0,0
dog (1318).jpg,0,0,0,0,0,0,1,0,0,0
dog (1319).jpg,0,0,0,0,0,0,1,0,0,0
dog (1320).jpg,0,0,0,0,0,0,1,0,0,0
dog (1321).jpg,0,0,0,0,0,0,1,0,0,0
dog (1322).jpg,0,0,0,0,0,0,0,1,0,0
dog (1323).jpg,0,0,0,0,0,0,0,1,0,0
dog (1324).jpg,0,0,0,0,0,0,0,1,0,0
dog (1325).jpg,0,0,0,0,0,0,0,1,0,0
dog (1326).jpg,0,0,0,0,0,0,0,1,0,0
dog (1327).jpg,0,0,0,0,0,0,0,1,0,0
dog (1328).jpg,0,0,0,0,0,0,0,1,0,0
dog (1329).jpg,0,0,0,0,0,0,0,1,0,0
dog (1330).jpg,0,0,0,0,0,0,0,1,0,0
dog (1331).jpg,0,0,0,0,0,0,0,1,0,0
dog (1332).jpg,0,0,0,0,0,0,0,1,0,0
dog (1333).jpg,0,0,0,0,0,0,0,1,0,0
dog (1334).jpg,0,0,0,0,0,0,0,1,0,0
dog (1335).jpg,0,0,0,0,0,0,0,1,0,0
dog (1336).jpg,0,0,0,0,0,0,0,1,0,0
dog (1337).jpg,0,0,0,0,0,0,0,1,0,0
dog (1338).jpg,0,0,0,0,0,0,0,1,0,0
dog (1339).jpg,0,0,0,0,0,0,0,1,0,0
dog (1340).jpg,0,0,0,0,0,0,0,1,0,0
dog (1341).jpg,0,0,0,0,0,0,0,1,0,0
dog (1342).jpg,0,0,0,0,0,0,0,1,0,0
dog (1343).jpg,0,0,0,0,0,0,0,1,0,0
dog (1344).jpg,0,0,0,0,0,0,0,1,0,0
dog (1345).jpg,0,0,0,0,0,0,0,1,0,0
dog (1346).jpg,0,0,0,0,0,0,0,1,0,0
dog (1347).jpg,0,0,0,0,0,0,0,1,0,0
dog (1348).jpg,0,0,0,0,0,0,0,1,0,0
dog (1349).jpg,0,0,0,0,0,0,0,1,0,0
dog (1350).jpg,0,0,0,0,0,0,0,1,0,0
dog (1351).jpg,0,0,0,0,0,0,0,1,0,0
dog (1352).jpg,0,0,0,0,0,0,0,1,0,0
dog (1353).jpg,0,0,0,0,0,0,0,1,0,0
dog (1354).jpg,0,0,0,0,0,0,0,1,0,0
dog (1355).jpg,0,0,0,0,0,0,0,1,0,0
dog (1356).jpg,0,0,0,0,0,0,0,1,0,0
dog (1357).jpg,0,0,0,0,0,0,0,1,0,0
dog (1358).jpg,0,0,0,0,0,0,0,1,0,0
dog (1359).jpg,0,0,0,0,0,0,0,1,0,0
dog (1360).jpg,0,0,0,0,0,0,0,1,0,0
dog (1361).jpg,0,0,0,0,0,0,0,1,0,0
dog (1362).jpg,0,0,0,0,0,0,0,1,0,0
dog (1363).jpg,0,0,0,0,0,0,0,1,0,0
dog (1364).jpg,0,0,0,0,0,0,0,1,0,0
dog (1365).jpg,0,0,0,0,0,0,0,1,0,0
dog (1366).jpg,0,0,0,0,0,0,0,1,0,0
dog (1367).jpg,0,0,0,0,0,0,0,1,0,0
dog (1368).jpg,0,0,0,0,0,0,0,1,0,0
dog (1369).jpg,0,0,0,0,0,0,0,1,0,0
dog (1370).jpg,0,0,0,0,0,0,0,1,0,0
dog (1371).jpg,0,0,0,0,0,0,0,1,0,0
dog (1372).jpg,0,0,0,0,0,0,0,1,0,0
dog (1373).jpg,0,0,0,0,0,0,0,1,0,0
dog (1374).jpg,0,0,0,0,0,0,0,1,0,0
dog (1375).jpg,0,0,0,0,0,0,0,1,0,0
dog (1376).jpg,0,0,0,0,0,0,0,1,0,0
dog (1377).jpg,0,0,0,0,0,0,0,1,0,0
dog (1378).jpg,0,0,0,0,0,0,0,1,0,0
dog (1379).jpg,0,0,0,0,0,0,0,1,0,0
dog (1380).jpg,0,0,0,0,0,0,0,1,0,0
dog (1381).jpg,0,0,0,0,0,0,0,1,0,0
dog (1382).jpg,0,0,0,0,0,0,0,1,0,0
dog (1383).jpg,0,0,0,0,0,0,0,1,0,0
dog (1384).jpg,0,0,0,0,0,0,0,1,0,0
dog (1385).jpg,0,0,0,0,0,0,0,1,0,0
dog (1386).jpg,0,0,0,0,0,0,0,1,0,0
dog (1387).jpg,0,0,0,0,0,0,0,1,0,0
dog (1388).jpg,0,0,0,0,0,0,0,1,0,0
dog (1389).jpg,0,0,0,0,0,0,0,1,0,0
dog (1390).jpg,0,0,0,0,0,0,0,1,0,0
dog (1391).jpg,0,0,0,0,0,0,0,1,0,0
dog (1392).jpg,0,0,0,0,0,0,0,1,0,0
dog (1393).jpg,0,0,0,0,0,0,0,1,0,0
dog (1394).jpg,0,0,0,0,0,0,0,1,0,0
dog (1395).jpg,0,0,0,0,0,0,0,1,0,0
dog (1396).jpg,0,0,0,0,0,0,0,1,0,0
dog (1397).jpg,0,0,0,0,0,0,0,1,0,0
dog (1398).jpg,0,0,0,0,0,0,0,1,0,0
dog (1399).jpg,0,0,0,0,0,0,0,1,0,0
dog (1400).jpg,0,0,0,0,0,0,0,1,0,0
dog (1401).jpg,0,0,0,0,0,0,0,1,0,0
dog (1402).jpg,0,0,0,0,0,0,0,1,0,0
dog (1403).jpg,0,0,0,0,0,0,0,1,0,0
dog (1404).jpg,0,0,0,0,0,0,0,1,0,0
dog (1405).jpg,0,0,0,0,0,0,0,1,0,0
dog (1406).jpg,0,0,0,0,0,0,0,1,0,0
dog (1407).jpg,0,0,0,0,0,0,0,1,0,0
dog (1408).jpg,0,0,0,0,0,0,0,1,0,0
dog (1409).jpg,0,0,0,0,0,0,0,1,0,0
dog (1410).jpg,0,0,0,0,0,0,0,1,0,0
dog (1411).jpg,0,0,0,0,0,0,0,1,0,0
dog (1412).jpg,0,0,0,0,0,0,0,1,0,0
dog (1413).jpg,0,0,0,0,0,0,0,1,0,0
dog (1414).jpg,0,0,0,0,0,0,0,1,0,0
dog (1415).jpg,0,0,0,0,0,0,0,1,0,0
dog (1416).jpg,0,0,0,0,0,0,0,1,0,0
dog (1417).jpg,0,0,0,0,0,0,0,1,0,0
dog (1418).jpg,0,0,0,0,0,0,0,1,0,0
dog (1419).jpg,0,0,0,0,0,0,0,1,0,0
dog (1420).jpg,0,0,0,0,0,0,0,1,0,0
dog (1421).jpg,0,0,0,0,0,0,0,1,0,0
dog (1422).jpg,0,0,0,0,0,0,0,1,0,0
dog (1423).jpg,0,0,0,0,0,0,0,1,0,0
dog (1424).jpg,0,0,0,0,0,0,0,1,0,0
dog (1425).jpg,0,0,0,0,0,0,0,1,0,0
dog (1426).jpg,0,0,0,0,0,0,0,1,0,0
dog (1427).jpg,0,0,0,0,0,0,0,1,0,0
dog (1428).jpg,0,0,0,0,0,0,0,1,0,0
dog (1429).jpg,0,0,0,0,0,0,0,1,0,0
dog (1430).jpg,0,0,0,0,0,0,0,1,0,0
dog (1431).jpg,0,0,0,0,0,0,0,1,0,0
dog (1432).jpg,0,0,0,0,0,0,0,1,0,0
dog (1433).jpg,0,0,0,0,0,0,0,1,0,0
dog (1434).jpg,0,0,0,0,0,0,0,1,0,0
dog (1435).jpg,0,0,0,0,0,0,0,1,0,0
dog (1436).jpg,0,0,0,0,0,0,0,1,0,0
dog (1437).jpg,0,0,0,0,0,0,0,1,0,0
dog (1438).jpg,0,0,0,0,0,0,0,1,0,0
dog (1439).jpg,0,0,0,0,0,0,0,1,0,0
dog (1440).jpg,0,0,0,0,0,0,0,1,0,0
dog (1441).jpg,0,0,0,0,0,0,0,1,0,0
dog (1442).jpg,0,0,0,0,0,0,0,1,0,0
dog (1443).jpg,0,0,0,0,0,0,0,1,0,0
dog (1444).jpg,0,0,0,0,0,0,0,1,0,0
dog (1445).jpg,0,0,0,0,0,0,0,1,0,0
dog (1446).jpg,0,0,0,0,0,0,0,1,0,0
dog (1447).jpg,0,0,0,0,0,0,0,1,0,0
dog (1448).jpg,0,0,0,0,0,0,0,1,0,0
dog (1449).jpg,0,0,0,0,0,0,0,1,0,0
dog (1450).jpg,0,0,0,0,0,0,0,1,0,0
dog (1451).jpg,0,0,0,0,0,0,0,1,0,0
dog (1452).jpg,0,0,0,0,0,0,0,1,0,0
dog (1453).jpg,0,0,0,0,0,0,0,1,0,0
dog (1454).jpg,0,0,0,0,0,0,0,1,0,0
dog (1455).jpg,0,0,0,0,0,0,0,1,0,0
dog (1456).jpg,0,0,0,0,0,0,0,1,0,0
dog (1457).jpg,0,0,0,0,0,0,0,1,0,0
dog (1458).jpg,0,0,0,0,0,0,0,1,0,0
dog (1459).jpg,0,0,0,0,0,0,0,1,0,0
dog (1460).jpg,0,0,0,0,0,0,0,1,0,0
dog (1461).jpg,0,0,0,0,0,0,0,1,0,0
dog (1462).jpg,0,0,0,0,0,0,0,1,0,0
dog (1463).jpg,0,0,0,0,0,0,0,1,0,0
dog (1464).jpg,0,0,0,0,0,0,0,1,0,0
dog (1465).jpg,0,0,0,0,0,0,0,1,0,0
dog (1466).jpg,0,0,0,0,0,0,0,1,0,0
dog (1467).jpg,0,0,0,0,0,0,0,1,0,0
dog (1468).jpg,0,0,0,0,0,0,0,1,0,0
dog (1469).jpg,0,0,0,0,0,0,0,1,0,0
dog (1470).jpg,0,0,0,0,0,0,0,1,0,0
dog (1471).jpg,0,0,0,0,0,0,0,1,0,0
dog (1472).jpg,0,0,0,0,0,0,0,1,0,0
dog (1473).jpg,0,0,0,0,0,0,0,1,0,0
dog (1474).jpg,0,0,0,0,0,0,0,1,0,0
dog (1475).jpg,0,0,0,0,0,0,0,1,0,0
dog (1476).jpg,0,0,0,0,0,0,0,1,0,0
dog (1477).jpg,0,0,0,0,0,0,0,1,0,0
dog (1478).jpg,0,0,0,0,0,0,0,1,0,0
dog (1479).jpg,0,0,0,0,0,0,0,1,0,0
dog (1480).jpg,0,0,0,0,0,0,0,1,0,0
dog (1481).jpg,0,0,0,0,0,0,0,1,0,0
dog (1482).jpg,0,0,0,0,0,0,0,1,0,0
dog (1483).jpg,0,0,0,0,0,0,0,1,0,0
dog (1484).jpg,0,0,0,0,0,0,0,1,0,0
dog (1485).jpg,0,0,0,0,0,0,0,1,0,0
dog (1486).jpg,0,0,0,0,0,0,0,1,0,0
dog (1487).jpg,0,0,0,0,0,0,0,1,0,0
dog (1488).jpg,0,0,0,0,0,0,0,1,0,0
dog (1489).jpg,0,0,0,0,0,0,0,1,0,0
dog (1490).jpg,0,0,0,0,0,0,0,1,0,0
dog (1491).jpg,0,0,0,0,0,0,0,1,0,0
dog (1492).jpg,0,0,0,0,0,0,0,1,0,0
dog (1493).jpg,0,0,0,0,0,0,0,0,1,0
dog (1494).jpg,0,0,0,0,0,0,0,0,1,0
dog (1495).jpg,0,0,0,0,0,0,0,0,1,0
dog (1496).jpg,0,0,0,0,0,0,0,0,1,0
dog (1497).jpg,0,0,0,0,0,0,0,0,1,0
dog (1498).jpg,0,0,0,0,0,0,0,0,1,0
dog (1499).jpg,0,0,0,0,0,0,0,0,1,0
dog (1500).jpg,0,0,0,0,0,0,0,0,1,0
dog (1501).jpg,0,0,0,0,0,0,0,0,1,0
dog (1502).jpg,0,0,0,0,0,0,0,0,1,0
dog (1503).jpg,0,0,0,0,0,0,0,0,1,0
dog (1504).jpg,0,0,0,0,0,0,0,0,1,0
dog (1505).jpg,0,0,0,0,0,0,0,0,1,0
dog (1506).jpg,0,0,0,0,0,0,0,0,1,0
dog (1507).jpg,0,0,0,0,0,0,0,0,1,0
dog (1508).jpg,0,0,0,0,0,0,0,0,1,0
dog (1509).jpg,0,0,0,0,0,0,0,0,1,0
dog (1510).jpg,0,0,0,0,0,0,0,0,1,0
dog (1511).jpg,0,0,0,0,0,0,0,0,1,0
dog (1512).jpg,0,0,0,0,0,0,0,0,1,0
dog (1513).jpg,0,0,0,0,0,0,0,0,1,0
dog (1514).jpg,0,0,0,0,0,0,0,0,1,0
dog (1515).jpg,0,0,0,0,0,0,0,0,1,0
dog (1516).jpg,0,0,0,0,0,0,0,0,1,0
dog (1517).jpg,0,0,0,0,0,0,0,0,1,0
dog (1518).jpg,0,0,0,0,0,0,0,0,1,0
dog (1519).jpg,0,0,0,0,0,0,0,0,1,0
dog (1520).jpg,0,0,0,0,0,0,0,0,1,0
dog (1521).jpg,0,0,0,0,0,0,0,0,1,0
dog (1522).jpg,0,0,0,0,0,0,0,0,1,0
dog (1523).jpg,0,0,0,0,0,0,0,0,1,0
dog (1524).jpg,0,0,0,0,0,0,0,0,1,0
dog (1525).jpg,0,0,0,0,0,0,0,0,1,0
dog (1526).jpg,0,0,0,0,0,0,0,0,1,0
dog (1527).jpg,0,0,0,0,0,0,0,0,1,0
dog (1528).jpg,0,0,0,0,0,0,0,0,1,0
dog (1529).jpg,0,0,0,0,0,0,0,0,1,0
dog (1530).jpg,0,0,0,0,0,0,0,0,1,0
dog (1531).jpg,0,0,0,0,0,0,0,0,1,0
dog (1532).jpg,0,0,0,0,0,0,0,0,1,0
dog (1533).jpg,0,0,0,0,0,0,0,0,1,0
dog (1534).jpg,0,0,0,0,0,0,0,0,1,0
dog (1535).jpg,0,0,0,0,0,0,0,0,1,0
dog (1536).jpg,0,0,0,0,0,0,0,0,1,0
dog (1537).jpg,0,0,0,0,0,0,0,0,1,0
dog (1538).jpg,0,0,0,0,0,0,0,0,1,0
dog (1539).jpg,0,0,0,0,0,0,0,0,1,0
dog (1540).jpg,0,0,0,0,0,0,0,0,1,0
dog (1541).jpg,0,0,0,0,0,0,0,0,1,0
dog (1542).jpg,0,0,0,0,0,0,0,0,1,0
dog (1543).jpg,0,0,0,0,0,0,0,0,1,0
dog (1544).jpg,0,0,0,0,0,0,0,0,1,0
dog (1545).jpg,0,0,0,0,0,0,0,0,1,0
dog (1546).jpg,0,0,0,0,0,0,0,0,1,0
dog (1547).jpg,0,0,0,0,0,0,0,0,1,0
dog (1548).jpg,0,0,0,0,0,0,0,0,1,0
dog (1549).jpg,0,0,0,0,0,0,0,0,1,0
dog (1550).jpg,0,0,0,0,0,0,0,0,1,0
dog (1551).jpg,0,0,0,0,0,0,0,0,1,0
dog (1552).jpg,0,0,0,0,0,0,0,0,1,0
dog (1553).jpg,0,0,0,0,0,0,0,0,1,0
dog (1554).jpg,0,0,0,0,0,0,0,0,1,0
dog (1555).jpg,0,0,0,0,0,0,0,0,1,0
dog (1556).jpg,0,0,0,0,0,0,0,0,1,0
dog (1557).jpg,0,0,0,0,0,0,0,0,1,0
dog (1558).jpg,0,0,0,0,0,0,0,0,1,0
dog (1559).jpg,0,0,0,0,0,0,0,0,1,0
dog (1560).jpg,0,0,0,0,0,0,0,0,1,0
dog (1561).jpg,0,0,0,0,0,0,0,0,1,0
dog (1562).jpg,0,0,0,0,0,0,0,0,1,0
dog (1563).jpg,0,0,0,0,0,0,0,0,1,0
dog (1564).jpg,0,0,0,0,0,0,0,0,1,0
dog (1565).jpg,0,0,0,0,0,0,0,0,1,0
dog (1566).jpg,0,0,0,0,0,0,0,0,1,0
dog (1567).jpg,0,0,0,0,0,0,0,0,1,0
dog (1568).jpg,0,0,0,0,0,0,0,0,1,0
dog (1569).jpg,0,0,0,0,0,0,0,0,1,0
dog (1570).jpg,0,0,0,0,0,0,0,0,1,0
dog (1571).jpg,0,0,0,0,0,0,0,0,1,0
dog (1572).jpg,0,0,0,0,0,0,0,0,1,0
dog (1573).jpg,0,0,0,0,0,0,0,0,1,0
dog (1574).jpg,0,0,0,0,0,0,0,0,1,0
dog (1575).jpg,0,0,0,0,0,0,0,0,1,0
dog (1576).jpg,0,0,0,0,0,0,0,0,1,0
dog (1577).jpg,0,0,0,0,0,0,0,0,1,0
dog (1578).jpg,0,0,0,0,0,0,0,0,1,0
dog (1579).jpg,0,0,0,0,0,0,0,0,1,0
dog (1580).jpg,0,0,0,0,0,0,0,0,1,0
dog (1581).jpg,0,0,0,0,0,0,0,0,1,0
dog (1582).jpg,0,0,0,0,0,0,0,0,1,0
dog (1583).jpg,0,0,0,0,0,0,0,0,1,0
dog (1584).jpg,0,0,0,0,0,0,0,0,1,0
dog (1585).jpg,0,0,0,0,0,0,0,0,1,0
dog (1586).jpg,0,0,0,0,0,0,0,0,1,0
dog (1587).jpg,0,0,0,0,0,0,0,0,1,0
dog (1588).jpg,0,0,0,0,0,0,0,0,1,0
dog (1589).jpg,0,0,0,0,0,0,0,0,1,0
dog (1590).jpg,0,0,0,0,0,0,0,0,1,0
dog (1591).jpg,0,0,0,0,0,0,0,0,1,0
dog (1592).jpg,0,0,0,0,0,0,0,0,1,0
dog (1593).jpg,0,0,0,0,0,0,0,0,1,0
dog (1594).jpg,0,0,0,0,0,0,0,0,1,0
dog (1595).jpg,0,0,0,0,0,0,0,0,1,0
dog (1596).jpg,0,0,0,0,0,0,0,0,1,0
dog (1597).jpg,0,0,0,0,0,0,0,0,1,0
dog (1598).jpg,0,0,0,0,0,0,0,0,1,0
dog (1599).jpg,0,0,0,0,0,0,0,0,1,0
dog (1600).jpg,0,0,0,0,0,0,0,0,1,0
dog (1601).jpg,0,0,0,0,0,0,0,0,1,0
dog (1602).jpg,0,0,0,0,0,0,0,0,1,0
dog (1603).jpg,0,0,0,0,0,0,0,0,1,0
dog (1604).jpg,0,0,0,0,0,0,0,0,1,0
dog (1605).jpg,0,0,0,0,0,0,0,0,1,0
dog (1606).jpg,0,0,0,0,0,0,0,0,1,0
dog (1607).jpg,0,0,0,0,0,0,0,0,1,0
dog (1608).jpg,0,0,0,0,0,0,0,0,1,0
dog (1609).jpg,0,0,0,0,0,0,0,0,1,0
dog (1610).jpg,0,0,0,0,0,0,0,0,1,0
dog (1611).jpg,0,0,0,0,0,0,0,0,1,0
dog (1612).jpg,0,0,0,0,0,0,0,0,1,0
dog (1613).jpg,0,0,0,0,0,0,0,0,1,0
dog (1614).jpg,0,0,0,0,0,0,0,0,1,0
dog (1615).jpg,0,0,0,0,0,0,0,0,1,0
dog (1616).jpg,0,0,0,0,0,0,0,0,1,0
dog (1617).jpg,0,0,0,0,0,0,0,0,1,0
dog (1618).jpg,0,0,0,0,0,0,0,0,1,0
dog (1619).jpg,0,0,0,0,0,0,0,0,1,0
dog (1620).jpg,0,0,0,0,0,0,0,0,1,0
dog (1621).jpg,0,0,0,0,0,0,0,0,1,0
dog (1622).jpg,0,0,0,0,0,0,0,0,1,0
dog (1623).jpg,0,0,0,0,0,0,0,0,1,0
dog (1624).jpg,0,0,0,0,0,0,0,0,1,0
dog (1625).jpg,0,0,0,0,0,0,0,0,1,0
dog (1626).jpg,0,0,0,0,0,0,0,0,1,0
dog (1627).jpg,0,0,0,0,0,0,0,0,1,0
dog (1628).jpg,0,0,0,0,0,0,0,0,1,0
dog (1629).jpg,0,0,0,0,0,0,0,0,1,0
dog (1630).jpg,0,0,0,0,0,0,0,0,1,0
dog (1631).jpg,0,0,0,0,0,0,0,0,1,0
dog (1632).jpg,0,0,0,0,0,0,0,0,1,0
dog (1633).jpg,0,0,0,0,0,0,0,0,1,0
dog (1634).jpg,0,0,0,0,0,0,0,0,1,0
dog (1635).jpg,0,0,0,0,0,0,0,0,1,0
dog (1636).jpg,0,0,0,0,0,0,0,0,1,0
dog (1637).jpg,0,0,0,0,0,0,0,0,1,0
dog (1638).jpg,0,0,0,0,0,0,0,0,1,0
dog (1639).jpg,0,0,0,0,0,0,0,0,1,0
dog (1640).jpg,0,0,0,0,0,0,0,0,1,0
dog (1641).jpg,0,0,0,0,0,0,0,0,1,0
dog (1642).jpg,0,0,0,0,0,0,0,0,1,0
dog (1643).jpg,0,0,0,0,0,0,0,0,1,0
dog (1644).jpg,0,0,0,0,0,0,0,0,1,0
dog (1645).jpg,0,0,0,0,0,0,0,0,0,1
dog (1646).jpg,0,0,0,0,0,0,0,0,0,1
dog (1647).jpg,0,0,0,0,0,0,0,0,0,1
dog (1648).jpg,0,0,0,0,0,0,0,0,0,1
dog (1649).jpg,0,0,0,0,0,0,0,0,0,1
dog (1650).jpg,0,0,0,0,0,0,0,0,0,1
dog (1651).jpg,0,0,0,0,0,0,0,0,0,1
dog (1652).jpg,0,0,0,0,0,0,0,0,0,1
dog (1653).jpg,0,0,0,0,0,0,0,0,0,1
dog (1654).jpg,0,0,0,0,0,0,0,0,0,1
dog (1655).jpg,0,0,0,0,0,0,0,0,0,1
dog (1656).jpg,0,0,0,0,0,0,0,0,0,1
dog (1657).jpg,0,0,0,0,0,0,0,0,0,1
dog (1658).jpg,0,0,0,0,0,0,0,0,0,1
dog (1659).jpg,0,0,0,0,0,0,0,0,0,1
dog (1660).jpg,0,0,0,0,0,0,0,0,0,1
dog (1661).jpg,0,0,0,0,0,0,0,0,0,1
dog (1662).jpg,0,0,0,0,0,0,0,0,0,1
dog (1663).jpg,0,0,0,0,0,0,0,0,0,1
dog (1664).jpg,0,0,0,0,0,0,0,0,0,1
dog (1665).jpg,0,0,0,0,0,0,0,0,0,1
dog (1666).jpg,0,0,0,0,0,0,0,0,0,1
dog (1667).jpg,0,0,0,0,0,0,0,0,0,1
dog (1668).jpg,0,0,0,0,0,0,0,0,0,1
dog (1669).jpg,0,0,0,0,0,0,0,0,0,1
dog (1670).jpg,0,0,0,0,0,0,0,0,0,1
dog (1671).jpg,0,0,0,0,0,0,0,0,0,1
dog (1672).jpg,0,0,0,0,0,0,0,0,0,1
dog (1673).jpg,0,0,0,0,0,0,0,0,0,1
dog (1674).jpg,0,0,0,0,0,0,0,0,0,1
dog (1675).jpg,0,0,0,0,0,0,0,0,0,1
dog (1676).jpg,0,0,0,0,0,0,0,0,0,1
dog (1677).jpg,0,0,0,0,0,0,0,0,0,1
dog (1678).jpg,0,0,0,0,0,0,0,0,0,1
dog (1679).jpg,0,0,0,0,0,0,0,0,0,1
dog (1680).jpg,0,0,0,0,0,0,0,0,0,1
dog (1681).jpg,0,0,0,0,0,0,0,0,0,1
dog (1682).jpg,0,0,0,0,0,0,0,0,0,1
dog (1683).jpg,0,0,0,0,0,0,0,0,0,1
dog (1684).jpg,0,0,0,0,0,0,0,0,0,1
dog (1685).jpg,0,0,0,0,0,0,0,0,0,1
dog (1686).jpg,0,0,0,0,0,0,0,0,0,1
dog (1687).jpg,0,0,0,0,0,0,0,0,0,1
dog (1688).jpg,0,0,0,0,0,0,0,0,0,1
dog (1689).jpg,0,0,0,0,0,0,0,0,0,1
dog (1690).jpg,0,0,0,0,0,0,0,0,0,1
dog (1691).jpg,0,0,0,0,0,0,0,0,0,1
dog (1692).jpg,0,0,0,0,0,0,0,0,0,1
dog (1693).jpg,0,0,0,0,0,0,0,0,0,1
dog (1694).jpg,0,0,0,0,0,0,0,0,0,1
dog (1695).jpg,0,0,0,0,0,0,0,0,0,1
dog (1696).jpg,0,0,0,0,0,0,0,0,0,1
dog (1697).jpg,0,0,0,0,0,0,0,0,0,1
dog (1698).jpg,0,0,0,0,0,0,0,0,0,1
dog (1699).jpg,0,0,0,0,0,0,0,0,0,1
dog (1700).jpg,0,0,0,0,0,0,0,0,0,1
dog (1701).jpg,0,0,0,0,0,0,0,0,0,1
dog (1702).jpg,0,0,0,0,0,0,0,0,0,1
dog (1703).jpg,0,0,0,0,0,0,0,0,0,1
dog (1704).jpg,0,0,0,0,0,0,0,0,0,1
dog (1705).jpg,0,0,0,0,0,0,0,0,0,1
dog (1706).jpg,0,0,0,0,0,0,0,0,0,1
dog (1707).jpg,0,0,0,0,0,0,0,0,0,1
dog (1708).jpg,0,0,0,0,0,0,0,0,0,1
dog (1709).jpg,0,0,0,0,0,0,0,0,0,1
dog (1710).jpg,0,0,0,0,0,0,0,0,0,1
dog (1711).jpg,0,0,0,0,0,0,0,0,0,1
dog (1712).jpg,0,0,0,0,0,0,0,0,0,1
dog (1713).jpg,0,0,0,0,0,0,0,0,0,1
dog (1714).jpg,0,0,0,0,0,0,0,0,0,1
dog (1715).jpg,0,0,0,0,0,0,0,0,0,1
dog (1716).jpg,0,0,0,0,0,0,0,0,0,1
dog (1717).jpg,0,0,0,0,0,0,0,0,0,1
dog (1718).jpg,0,0,0,0,0,0,0,0,0,1
dog (1719).jpg,0,0,0,0,0,0,0,0,0,1
dog (1720).jpg,0,0,0,0,0,0,0,0,0,1
dog (1721).jpg,0,0,0,0,0,0,0,0,0,1
dog (1722).jpg,0,0,0,0,0,0,0,0,0,1
dog (1723).jpg,0,0,0,0,0,0,0,0,0,1
dog (1724).jpg,0,0,0,0,0,0,0,0,0,1
dog (1725).jpg,0,0,0,0,0,0,0,0,0,1
dog (1726).jpg,0,0,0,0,0,0,0,0,0,1
dog (1727).jpg,0,0,0,0,0,0,0,0,0,1
dog (1728).jpg,0,0,0,0,0,0,0,0,0,1
dog (1729).jpg,0,0,0,0,0,0,0,0,0,1
dog (1730).jpg,0,0,0,0,0,0,0,0,0,1
dog (1731).jpg,0,0,0,0,0,0,0,0,0,1
dog (1732).jpg,0,0,0,0,0,0,0,0,0,1
dog (1733).jpg,0,0,0,0,0,0,0,0,0,1
dog (1734).jpg,0,0,0,0,0,0,0,0,0,1
dog (1735).jpg,0,0,0,0,0,0,0,0,0,1
dog (1736).jpg,0,0,0,0,0,0,0,0,0,1
dog (1737).jpg,0,0,0,0,0,0,0,0,0,1
dog (1738).jpg,0,0,0,0,0,0,0,0,0,1
dog (1739).jpg,0,0,0,0,0,0,0,0,0,1
dog (1740).jpg,0,0,0,0,0,0,0,0,0,1
dog (1741).jpg,0,0,0,0,0,0,0,0,0,1
dog (1742).jpg,0,0,0,0,0,0,0,0,0,1
dog (1743).jpg,0,0,0,0,0,0,0,0,0,1
dog (1744).jpg,0,0,0,0,0,0,0,0,0,1
dog (1745).jpg,0,0,0,0,0,0,0,0,0,1
dog (1746).jpg,0,0,0,0,0,0,0,0,0,1
dog (1747).jpg,0,0,0,0,0,0,0,0,0,1
dog (1748).jpg,0,0,0,0,0,0,0,0,0,1
dog (1749).jpg,0,0,0,0,0,0,0,0,0,1
dog (1750).jpg,0,0,0,0,0,0,0,0,0,1
dog (1751).jpg,0,0,0,0,0,0,0,0,0,1
dog (1752).jpg,0,0,0,0,0,0,0,0,0,1
dog (1753).jpg,0,0,0,0,0,0,0,0,0,1
dog (1754).jpg,0,0,0,0,0,0,0,0,0,1
dog (1755).jpg,0,0,0,0,0,0,0,0,0,1
dog (1756).jpg,0,0,0,0,0,0,0,0,0,1
dog (1757).jpg,0,0,0,0,0,0,0,0,0,1
dog (1758).jpg,0,0,0,0,0,0,0,0,0,1
dog (1759).jpg,0,0,0,0,0,0,0,0,0,1
dog (1760).jpg,0,0,0,0,0,0,0,0,0,1
dog (1761).jpg,0,0,0,0,0,0,0,0,0,1
dog (1762).jpg,0,0,0,0,0,0,0,0,0,1
dog (1763).jpg,0,0,0,0,0,0,0,0,0,1
dog (1764).jpg,0,0,0,0,0,0,0,0,0,1
dog (1765).jpg,0,0,0,0,0,0,0,0,0,1
dog (1766).jpg,0,0,0,0,0,0,0,0,0,1
dog (1767).jpg,0,0,0,0,0,0,0,0,0,1
dog (1768).jpg,0,0,0,0,0,0,0,0,0,1
dog (1769).jpg,0,0,0,0,0,0,0,0,0,1
dog (1770).jpg,0,0,0,0,0,0,0,0,0,1
dog (1771).jpg,0,0,0,0,0,0,0,0,0,1
dog (1772).jpg,0,0,0,0,0,0,0,0,0,1
dog (1773).jpg,0,0,0,0,0,0,0,0,0,1
dog (1774).jpg,0,0,0,0,0,0,0,0,0,1
dog (1775).jpg,0,0,0,0,0,0,0,0,0,1
dog (1776).jpg,0,0,0,0,0,0,0,0,0,1
dog (1777).jpg,0,0,0,0,0,0,0,0,0,1
dog (1778).jpg,0,0,0,0,0,0,0,0,0,1
dog (1779).jpg,0,0,0,0,0,0,0,0,0,1
dog (1780).jpg,0,0,0,0,0,0,0,0,0,1
dog (1781).jpg,0,0,0,0,0,0,0,0,0,1
dog (1782).jpg,0,0,0,0,0,0,0,0,0,1
dog (1783).jpg,0,0,0,0,0,0,0,0,0,1
dog (1784).jpg,0,0,0,0,0,0,0,0,0,1
dog (1785).jpg,0,0,0,0,0,0,0,0,0,1
dog (1786).jpg,0,0,0,0,0,0,0,0,0,1
dog (1787).jpg,0,0,0,0,0,0,0,0,0,1
dog (1788).jpg,0,0,0,0,0,0,0,0,0,1
dog (1789).jpg,0,0,0,0,0,0,0,0,0,1
dog (1790).jpg,0,0,0,0,0,0,0,0,0,1
dog (1791).jpg,0,0,0,0,0,0,0,0,0,1
dog (1792).jpg,0,0,0,0,0,0,0,0,0,1
dog (1793).jpg,0,0,0,0,0,0,0,0,0,1
dog (1794).jpg,0,0,0,0,0,0,0,0,0,1
dog (1795).jpg,0,0,0,0,0,0,0,0,0,1
dog (1796).jpg,0,0,0,0,0,0,0,0,0,1
dog (1797).jpg,0,0,0,0,0,0,0,0,0,1
dog (1798).jpg,0,0,0,0,0,0,0,0,0,1
dog (1799).jpg,0,0,0,0,0,0,0,0,0,1
dog (1800).jpg,0,0,0,0,0,0,0,0,0,1
dog (1801).jpg,0,0,0,0,0,0,0,0,0,1
dog (1802).jpg,0,0,0,0,0,0,0,0,0,1
dog (1803).jpg,0,0,0,0,0,0,0,0,0,1
dog (1804).jpg,0,0,0,0,0,0,0,0,0,1
dog (1805).jpg,0,0,0,0,0,0,0,0,0,1
dog (1806).jpg,0,0,0,0,0,0,0,0,0,1
dog (1807).jpg,0,0,0,0,0,0,0,0,0,1
dog (1808).jpg,0,0,0,0,0,0,0,0,0,1
dog (1809).jpg,0,0,0,0,0,0,0,0,0,1
dog (1810).jpg,0,0,0,0,0,0,0,0,0,1
dog (1811).jpg,0,0,0,0,0,0,0,0,0,1
dog (1812).jpg,0,0,0,0,0,0,0,0,0,1
dog (1813).jpg,0,0,0,0,0,0,0,0,0,1
dog (1814).jpg,0,0,0,0,0,0,0,0,0,1
dog (1815).jpg,0,0,0,0,0,0,0,0,0,1
dog (1816).jpg,0,0,0,0,0,0,0,0,0,1
dog (1817).jpg,0,0,0,0,0,0,0,0,0,1
dog (1818).jpg,0,0,0,0,0,0,0,0,0,1
dog (1819).jpg,0,0,0,0,0,0,0,0,0,1
dog (1820).jpg,0,0,0,0,0,0,0,0,0,1
dog (1821).jpg,0,0,0,0,0,0,0,0,0,1
dog (1822).jpg,0,0,0,0,0,0,0,0,0,1
dog (1823).jpg,0,0,0,0,0,0,0,0,0,1
dog (1824).jpg,0,0,0,0,0,0,0,0,0,1
dog (1825).jpg,0,0,0,0,0,0,0,0,0,1
dog (1826).jpg,0,0,0,0,0,0,0,0,0,1
dog (1827).jpg,0,0,0,0,0,0,0,0,0,1
dog (1828).jpg,0,0,0,0,0,0,0,0,0,1
dog (1829).jpg,0,0,0,0,0,0,0,0,0,1
dog (1830).jpg,0,0,0,0,0,0,0,0,0,1
dog (1831).jpg,0,0,0,0,0,0,0,0,0,1
dog (1832).jpg,0,0,0,0,0,0,0,0,0,1
dog (1833).jpg,0,0,0,0,0,0,0,0,0,1
dog (1834).jpg,0,0,0,0,0,0,0,0,0,1
dog (1835).jpg,0,0,0,0,0,0,0,0,0,1
dog (1836).jpg,0,0,0,0,0,0,0,0,0,1
